--
-- TOC entry 3467 (class 0 OID 315467)
-- Dependencies: 261
-- Data for Name: wilaya; Type: TABLE DATA; Schema: reference; Owner: postgres
--

INSERT INTO reference.wilaya (id, version, code, designation)
VALUES (1, 0, '01', 'ADRAR')
     , (2, 0, '02', 'CHLEF')
     , (3, 0, '03', 'LAGHOUAT')
     , (4, 0, '04', 'OUM EL BOUAGHI')
     , (5, 0, '05', 'BATNA')
     , (6, 0, '06', 'BEJAIA')
     , (7, 0, '07', 'BISKRA')
     , (8, 0, '08', 'BECHAR')
     , (9, 0, '09', 'BLIDA')
     , (10, 0, '10', 'BOUIRA')
     , (11, 0, '11', 'TAMANRASSET')
     , (12, 0, '12', 'TEBESSA')
     , (13, 0, '13', 'TLEMCEN')
     , (14, 0, '14', 'TIARET')
     , (15, 0, '15', 'TIZI-OUZOU')
     , (16, 0, '16', 'ALGER')
     , (17, 0, '17', 'DJELFA')
     , (18, 0, '18', 'JIJEL')
     , (19, 0, '19', 'SETIF')
     , (20, 0, '20', 'SAIDA')
     , (21, 0, '21', 'SKIKDA')
     , (22, 0, '22', 'SIDI BEL-ABBES')
     , (23, 0, '23', 'ANNABA')
     , (24, 0, '24', 'GUELMA')
     , (25, 0, '25', 'CONSTANTINE')
     , (26, 0, '26', 'MEDEA')
     , (27, 0, '27', 'MOSTAGANEM')
     , (28, 0, '28', 'MSILA')
     , (29, 0, '29', 'MASCARA')
     , (30, 0, '30', 'OUARGLA')
     , (31, 0, '31', 'ORAN')
     , (32, 0, '32', 'EL BAYADH')
     , (33, 0, '33', 'ILLIZI')
     , (34, 0, '34', 'B.B.ARRERIDJ')
     , (35, 0, '35', 'BOUMERDES')
     , (36, 0, '36', 'EL TARF')
     , (37, 0, '37', 'TINDOUF')
     , (38, 0, '38', 'TISSEMSILT')
     , (39, 0, '39', 'EL-OUED')
     , (40, 0, '40', 'KHENCHELA')
     , (41, 0, '41', 'SOUK AHRAS')
     , (42, 0, '42', 'TIPAZA')
     , (43, 0, '43', 'MILA')
     , (44, 0, '44', 'AIN-DEFLA')
     , (45, 0, '45', 'NAAMA')
     , (46, 0, '46', 'AIN TEMOUCHENT')
     , (47, 0, '47', 'GHARDAIA')
     , (48, 0, '48', 'RELIZANE')
     , (49, 0, '49', 'Timimoun ')
     , (50, 0, '50', 'Bordj Badji Mokhtar ')
     , (51, 0, '51', 'Ouled Djellal')
     , (52, 0, '52', 'Béni Abbès ')
     , (53, 0, '53', 'In Salah')
     , (54, 0, '54', 'In Guezzam ')
     , (55, 0, '55', 'Touggourt')
     , (56, 0, '56', 'Djanet')
     , (57, 0, '57', 'El M''Ghair ')
     , (58, 0, '58', 'El Meniaa ');



--
-- TOC entry 3465 (class 0 OID 315447)
-- Dependencies: 259
-- Data for Name: ref_code_domain; Type: TABLE DATA; Schema: reference; Owner: postgres
--

INSERT INTO reference.ref_code_domain (id, nom_domain, version, designation)
VALUES (1, 'GENDER', 0, 'GENDER')
     , (2, 'Motifs de consultation', 0, 'Motifs de consultation');

INSERT INTO reference.commune (id, version, code, designation, daira, wilaya_id)
VALUES (3, 0, '01.02.03', 'Timekten', 'Aoulef', 1)
     , (4, 0, '01.01.02', 'Bouda', 'Adrar', 1)
     , (779, 0, '22.08.04', 'Sfisef', 'Sfisef', 22)
     , (1082, 0, '31.08.01', 'Oran', 'Oran', 31)
     , (5, 0, '01.01.03', 'Ouled Ahmed Timmi', 'Adrar', 1)
     , (6, 0, '01.01.01', 'Adrar', 'Adrar', 1)
     , (1506, 0, '52.03.01', 'Igli', 'Igli', 52)
     , (7, 0, '01.03.01', 'Fenoughil', 'Fenoughil', 1)
     , (8, 0, '01.06.01', 'In Zghmir', 'Zaouiat Kounta', 1)
     , (9, 0, '01.04.01', 'Reggane', 'Reggane', 1)
     , (10, 0, '01.04.02', 'Sali', 'Reggane', 1)
     , (11, 0, '01.05.01', 'Sebaa', 'Tsabit', 1)
     , (12, 0, '01.05.02', 'Tsabit', 'Tsabit', 1)
     , (13, 0, '01.03.03', 'Tamest', 'Fenoughil', 1)
     , (14, 0, '01.03.02', 'Tamantit', 'Fenoughil', 1)
     , (15, 0, '01.02.04', 'Tit', 'Aoulef', 1)
     , (16, 0, '01.06.02', 'Zaouiet Kounta', 'Zaouiat Kounta', 1)
     , (17, 0, '01.02.01', 'Akabli', 'Aoulef', 1)
     , (18, 0, '01.02.02', 'Aoulef', 'Aoulef', 1)
     , (19, 0, '02.01.03', 'Talassa', 'Abou El Hassane', 2)
     , (20, 0, '02.13.03', 'Zeboudja', 'Zeboudja', 2)
     , (21, 0, '02.09.01', 'El Hadjadj', 'Ouled Ben Abdelkader', 2)
     , (22, 0, '02.09.02', 'Ouled Ben Abdelkader', 'Ouled Ben Abdelkader', 2)
     , (23, 0, '02.02.01', 'Ain Merane', 'Ain Merane', 2)
     , (24, 0, '02.03.02', 'Breira', 'Beni Haoua', 2)
     , (25, 0, '02.08.03', 'Ouled Abbes', 'Oued Fodda', 2)
     , (26, 0, '02.08.02', 'Oued Fodda', 'Oued Fodda', 2)
     , (27, 0, '02.08.01', 'Beni Rached', 'Oued Fodda', 2)
     , (28, 0, '02.02.02', 'Herenfa', 'Ain Merane', 2)
     , (29, 0, '02.01.02', 'Tadjena', 'Abou El Hassane', 2)
     , (30, 0, '02.07.01', 'El Marsa', 'El Marsa', 2)
     , (31, 0, '02.05.01', 'Chlef', 'Chlef', 2)
     , (32, 0, '02.05.02', 'Oum Drou', 'Chlef', 2)
     , (33, 0, '02.05.03', 'Sendjas', 'Chlef', 2)
     , (34, 0, '02.12.01', 'Sidi Abderrahmane', 'Tenes', 2)
     , (35, 0, '02.12.02', 'Sidi Akkacha', 'Tenes', 2)
     , (36, 0, '02.12.03', 'Tenes', 'Tenes', 2)
     , (37, 0, '02.06.01', 'Beni  Bouattab', 'El Karimia', 2)
     , (38, 0, '02.06.02', 'El Karimia', 'El Karimia', 2)
     , (39, 0, '02.06.03', 'Harchoun', 'El Karimia', 2)
     , (40, 0, '02.13.02', 'Bouzeghaia', 'Zeboudja', 2)
     , (41, 0, '02.11.02', 'Taougrit', 'Taougrit', 2)
     , (42, 0, '02.03.01', 'Beni Haoua', 'Beni Haoua', 2)
     , (43, 0, '02.01.01', 'Abou El Hassane', 'Abou El Hassane', 2)
     , (44, 0, '02.03.03', 'Oued Goussine', 'Beni Haoua', 2)
     , (45, 0, '02.10.01', 'Chettia', 'Ouled Fares', 2)
     , (46, 0, '02.07.02', 'Moussadek', 'El Marsa', 2)
     , (47, 0, '02.10.03', 'Ouled Fares', 'Ouled Fares', 2)
     , (48, 0, '02.04.01', 'Boukadir', 'Boukadir', 2)
     , (49, 0, '02.04.02', 'Oued Sly', 'Boukadir', 2)
     , (50, 0, '02.04.03', 'Sobha', 'Boukadir', 2)
     , (51, 0, '02.13.01', 'Benairia', 'Zeboudja', 2)
     , (52, 0, '02.10.02', 'Labiod Medjadja', 'Ouled Fares', 2)
     , (53, 0, '02.11.01', 'Dahra', 'Taougrit', 2)
     , (54, 0, '03.05.02', 'El Beidha', 'Gueltat Sidi Saad', 3)
     , (55, 0, '03.05.03', 'Gueltat Sidi Saad', 'Gueltat Sidi Saad', 3)
     , (56, 0, '03.03.01', 'Brida', 'Brida', 3)
     , (57, 0, '03.05.01', 'Ain Sidi Ali', 'Gueltat Sidi Saad', 3)
     , (58, 0, '03.02.04', 'Tadjemout', 'Ain Madhi', 3)
     , (59, 0, '03.03.02', 'Hadj Mechri', 'Brida', 3)
     , (60, 0, '03.03.03', 'Taouiala', 'Brida', 3)
     , (61, 0, '03.04.01', 'El Ghicha', 'El Ghicha', 3)
     , (62, 0, '03.02.05', 'Tadjrouna', 'Ain Madhi', 3)
     , (63, 0, '03.01.02', 'Sebgag', 'Aflou', 3)
     , (64, 0, '03.01.03', 'Sidi Bouzid', 'Aflou', 3)
     , (65, 0, '03.09.02', 'Oued Morra', 'Oued Morra', 3)
     , (66, 0, '03.08.01', 'Laghouat', 'Laghouat', 3)
     , (67, 0, '03.09.01', 'Oued M''zi', 'Oued Morra', 3)
     , (68, 0, '03.07.02', 'Ksar El Hirane', 'Ksar El Hirane', 3)
     , (69, 0, '03.10.01', 'El Assafia', 'Sidi Makhlouf', 3)
     , (70, 0, '03.10.02', 'Sidi Makhlouf', 'Sidi Makhlouf', 3)
     , (71, 0, '03.06.01', 'Hassi Delaa', 'Hassi R''mel', 3)
     , (72, 0, '03.06.02', 'Hassi R''mel', 'Hassi R''mel', 3)
     , (73, 0, '03.02.01', 'Ain Madhi', 'Ain Madhi', 3)
     , (74, 0, '03.02.02', 'El Haouaita', 'Ain Madhi', 3)
     , (75, 0, '03.02.03', 'Kheneg', 'Ain Madhi', 3)
     , (76, 0, '03.07.01', 'Benacer Benchohra', 'Ksar El Hirane', 3)
     , (77, 0, '03.01.01', 'Aflou', 'Aflou', 3)
     , (78, 0, '04.07.01', 'Fkirina', 'F''kirina', 4)
     , (79, 0, '04.03.02', 'El Fedjoudj Boughrara Sa', 'Ain Fekroun', 4)
     , (80, 0, '04.03.01', 'Ain Fekroun', 'Ain Fekroun', 4)
     , (81, 0, '04.09.04', 'Rahia', 'Meskiana', 4)
     , (82, 0, '04.09.03', 'Meskiana', 'Meskiana', 4)
     , (83, 0, '04.09.02', 'El Belala', 'Meskiana', 4)
     , (84, 0, '04.09.01', 'Behir Chergui', 'Meskiana', 4)
     , (85, 0, '04.08.01', 'Ksar Sbahi', 'Ksar Sbahi', 4)
     , (86, 0, '04.12.03', 'Souk Naamane', 'Souk Naamane', 4)
     , (87, 0, '04.12.02', 'Ouled Zouai', 'Souk Naamane', 4)
     , (88, 0, '04.10.02', 'Oum El Bouaghi', 'Oum El Bouaghi', 4)
     , (89, 0, '04.01.01', 'Ain Babouche', 'Ain Babouche', 4)
     , (90, 0, '04.10.01', 'Ain Zitoun', 'Oum El Bouaghi', 4)
     , (91, 0, '04.12.01', 'Bir Chouhada', 'Souk Naamane', 4)
     , (92, 0, '04.02.01', 'Ain Beida', 'Ain Beida', 4)
     , (93, 0, '04.02.02', 'Berriche', 'Ain Beida', 4)
     , (94, 0, '04.02.03', 'Zorg', 'Ain Beida', 4)
     , (95, 0, '04.05.01', 'Ain M''lila', 'Ain M''lila', 4)
     , (96, 0, '04.05.02', 'Ouled Gacem', 'Ain M''lila', 4)
     , (97, 0, '04.05.03', 'Ouled Hamla', 'Ain M''lila', 4)
     , (98, 0, '04.11.01', 'El Amiria', 'Sigus', 4)
     , (99, 0, '04.11.02', 'Sigus', 'Sigus', 4)
     , (100, 0, '04.07.02', 'Oued Nini', 'F''kirina', 4)
     , (101, 0, '04.01.02', 'Ain Diss', 'Ain Babouche', 4)
     , (102, 0, '04.06.01', 'Dhalaa', 'Dhalaa', 4)
     , (103, 0, '04.06.02', 'El Djazia', 'Dhalaa', 4)
     , (104, 0, '04.04.01', 'Ain Kercha', 'Ain Kercha', 4)
     , (105, 0, '04.04.02', 'El Harmilia', 'Ain Kercha', 4)
     , (106, 0, '04.04.03', 'Hanchir Toumghani', 'Ain Kercha', 4)
     , (107, 0, '05.02.03', 'Maafa', 'Ain Touta', 5)
     , (108, 0, '05.15.01', 'Gosbat', 'Ras El Aioun', 5)
     , (109, 0, '05.20.02', 'Timgad', 'Timgad', 5)
     , (110, 0, '05.14.03', 'Taxlent', 'Ouled Si Slimane', 5)
     , (111, 0, '05.14.02', 'Ouled Si Slimane', 'Ouled Si Slimane', 5)
     , (112, 0, '05.14.01', 'Lemcene', 'Ouled Si Slimane', 5)
     , (113, 0, '05.15.06', 'Talkhamt', 'Ras El Aioun', 5)
     , (114, 0, '05.15.05', 'Ras El Aioun', 'Ras El Aioun', 5)
     , (115, 0, '05.15.04', 'Rahbat', 'Ras El Aioun', 5)
     , (116, 0, '05.15.03', 'Ouled Sellem', 'Ras El Aioun', 5)
     , (117, 0, '05.15.02', 'Guigba', 'Ras El Aioun', 5)
     , (118, 0, '05.19.03', 'Teniet El Abed', 'Theniet El Abed', 5)
     , (119, 0, '05.05.01', 'Batna', 'Batna', 5)
     , (120, 0, '05.05.02', 'Fesdis', 'Batna', 5)
     , (121, 0, '05.05.03', 'Oued Chaaba', 'Batna', 5)
     , (122, 0, '05.12.01', 'Hidoussa', 'Merouana', 5)
     , (123, 0, '05.12.02', 'Ksar Bellezma', 'Merouana', 5)
     , (124, 0, '05.12.03', 'Merouana', 'Merouana', 5)
     , (125, 0, '05.12.04', 'Oued El Ma', 'Merouana', 5)
     , (126, 0, '05.17.01', 'Lazrou', 'Seriana', 5)
     , (127, 0, '05.17.02', 'Seriana', 'Seriana', 5)
     , (128, 0, '05.17.03', 'Zanet El Beida', 'Seriana', 5)
     , (129, 0, '05.11.01', 'Menaa', 'Menaa', 5)
     , (130, 0, '05.11.02', 'Tigharghar', 'Menaa', 5)
     , (131, 0, '05.09.01', 'Ain Yagout', 'El Madher', 5)
     , (132, 0, '05.09.02', 'Boumia', 'El Madher', 5)
     , (133, 0, '05.09.03', 'Djerma', 'El Madher', 5)
     , (134, 0, '05.09.04', 'El Madher', 'El Madher', 5)
     , (135, 0, '05.18.01', 'Ouyoun El Assafir', 'Tazoult', 5)
     , (136, 0, '05.18.02', 'Tazoult', 'Tazoult', 5)
     , (137, 0, '05.13.01', 'Boumagueur', 'N''gaous', 5)
     , (138, 0, '05.13.02', 'N Gaous', 'N''gaous', 5)
     , (139, 0, '05.13.03', 'Sefiane', 'N''gaous', 5)
     , (140, 0, '05.03.01', 'Arris', 'Arris', 5)
     , (141, 0, '05.03.02', 'Tighanimine', 'Arris', 5)
     , (142, 0, '05.01.01', 'Ain Djasser', 'Ain Djasser', 5)
     , (143, 0, '05.01.02', 'El Hassi', 'Ain Djasser', 5)
     , (144, 0, '05.16.01', 'Seggana', 'Seggana', 5)
     , (145, 0, '05.16.02', 'Tilatou', 'Seggana', 5)
     , (146, 0, '05.10.01', 'Foum Toub', 'Ichemoul', 5)
     , (147, 0, '05.10.02', 'Ichemoul', 'Ichemoul', 5)
     , (148, 0, '05.10.03', 'Inoughissen', 'Ichemoul', 5)
     , (149, 0, '05.06.01', 'Bouzina', 'Bouzina', 5)
     , (150, 0, '05.06.02', 'Larbaa', 'Bouzina', 5)
     , (151, 0, '05.07.01', 'Boulhilat', 'Chemora', 5)
     , (152, 0, '05.07.02', 'Chemora', 'Chemora', 5)
     , (153, 0, '05.04.01', 'Barika', 'Barika', 5)
     , (154, 0, '05.04.02', 'Bitam', 'Barika', 5)
     , (155, 0, '05.04.03', 'M Doukal', 'Barika', 5)
     , (156, 0, '05.08.01', 'Azil Abedelkader', 'Djezzar', 5)
     , (157, 0, '05.08.02', 'Djezzar', 'Djezzar', 5)
     , (158, 0, '05.08.03', 'Ouled Ammar', 'Djezzar', 5)
     , (159, 0, '05.21.01', 'Ghassira', 'Tkout', 5)
     , (160, 0, '05.21.02', 'Kimmel', 'Tkout', 5)
     , (161, 0, '05.21.03', 'T Kout', 'Tkout', 5)
     , (162, 0, '05.02.01', 'Ain Touta', 'Ain Touta', 5)
     , (163, 0, '05.02.02', 'Beni Foudhala El Hakania', 'Ain Touta', 5)
     , (164, 0, '05.20.01', 'Ouled Fadel', 'Timgad', 5)
     , (165, 0, '05.02.04', 'Ouled Aouf', 'Ain Touta', 5)
     , (166, 0, '05.19.01', 'Chir', 'Theniet El Abed', 5)
     , (167, 0, '05.19.02', 'Oued Taga', 'Theniet El Abed', 5)
     , (168, 0, '06.15.03', 'Sidi Ayad', 'Sidi Aich', 6)
     , (169, 0, '06.05.01', 'Barbacha', 'Barbacha', 6)
     , (170, 0, '06.15.01', 'Leflaye', 'Sidi Aich', 6)
     , (171, 0, '06.05.02', 'Kendira', 'Barbacha', 6)
     , (172, 0, '06.15.02', 'Sidi-Aich', 'Sidi Aich', 6)
     , (173, 0, '06.15.04', 'Tifra', 'Sidi Aich', 6)
     , (174, 0, '06.15.05', 'Tinebdar', 'Sidi Aich', 6)
     , (175, 0, '06.10.01', 'El Kseur', 'El Kseur', 6)
     , (176, 0, '06.10.02', 'Fenaia Il Maten', 'El Kseur', 6)
     , (177, 0, '06.10.03', 'Toudja', 'El Kseur', 6)
     , (178, 0, '06.13.01', 'Dra El Caid', 'Kherrata', 6)
     , (179, 0, '06.13.02', 'Kherrata', 'Kherrata', 6)
     , (180, 0, '06.06.01', 'Bejaia', 'Bejaia', 6)
     , (181, 0, '06.06.02', 'Oued Ghir', 'Bejaia', 6)
     , (182, 0, '06.07.01', 'Benimaouche', 'Beni Maouche', 6)
     , (183, 0, '06.03.02', 'Beni Djellil', 'Amizour', 6)
     , (184, 0, '06.03.03', 'Feraoun', 'Amizour', 6)
     , (185, 0, '06.03.04', 'Smaoun', 'Amizour', 6)
     , (186, 0, '06.19.01', 'Timezrit', 'Timezrit', 6)
     , (187, 0, '06.16.01', 'Melbou', 'Souk El Tenine', 6)
     , (188, 0, '06.16.02', 'Souk El Tenine', 'Souk El Tenine', 6)
     , (189, 0, '06.16.03', 'Tamridjet', 'Souk El Tenine', 6)
     , (190, 0, '06.18.01', 'Boukhelifa', 'Tichy', 6)
     , (191, 0, '06.18.02', 'Tala Hamza', 'Tichy', 6)
     , (192, 0, '06.18.03', 'Tichy', 'Tichy', 6)
     , (193, 0, '06.12.01', 'Ait R''zine', 'Ighil Ali', 6)
     , (194, 0, '06.12.02', 'Ighil-Ali', 'Ighil Ali', 6)
     , (195, 0, '06.09.01', 'Ait-Smail', 'Darguina', 6)
     , (196, 0, '06.09.02', 'Darguina', 'Darguina', 6)
     , (197, 0, '06.09.03', 'Taskriout', 'Darguina', 6)
     , (198, 0, '06.04.01', 'Aokas', 'Aokas', 6)
     , (199, 0, '06.04.02', 'Tizi-N''berber', 'Aokas', 6)
     , (200, 0, '06.01.01', 'Adekar', 'Adekar', 6)
     , (201, 0, '06.01.02', 'Beni K''sila', 'Adekar', 6)
     , (202, 0, '06.01.03', 'Taourit Ighil', 'Adekar', 6)
     , (203, 0, '06.02.01', 'Akbou', 'Akbou', 6)
     , (204, 0, '06.02.02', 'Chellata', 'Akbou', 6)
     , (205, 0, '06.02.03', 'Ighram', 'Akbou', 6)
     , (206, 0, '06.02.04', 'Tamokra', 'Akbou', 6)
     , (207, 0, '06.14.01', 'Amalou', 'Seddouk', 6)
     , (208, 0, '06.14.02', 'Bouhamza', 'Seddouk', 6)
     , (209, 0, '06.14.03', 'M''cisna', 'Seddouk', 6)
     , (210, 0, '06.14.04', 'Seddouk', 'Seddouk', 6)
     , (211, 0, '06.17.01', 'Beni-Mallikeche', 'Tazmalt', 6)
     , (212, 0, '06.17.02', 'Boudjellil', 'Tazmalt', 6)
     , (213, 0, '06.17.03', 'Tazmalt', 'Tazmalt', 6)
     , (214, 0, '06.08.01', 'Akfadou', 'Chemini', 6)
     , (215, 0, '06.08.02', 'Chemini', 'Chemini', 6)
     , (216, 0, '06.08.03', 'Souk Oufella', 'Chemini', 6)
     , (217, 0, '06.08.04', 'Tibane', 'Chemini', 6)
     , (218, 0, '06.11.01', 'Ouzellaguen', 'Ifri Ouzellaguene', 6)
     , (219, 0, '06.03.01', 'Amizour', 'Amizour', 6)
     , (220, 0, '07.10.01', 'El Feidh', 'Zeribet El Oued', 7)
     , (221, 0, '07.09.03', 'Lichana', 'Tolga', 7)
     , (222, 0, '07.09.02', 'Bouchakroun', 'Tolga', 7)
     , (223, 0, '07.07.03', 'Mekhadma', 'Ourlal', 7)
     , (224, 0, '07.02.02', 'Djemorah', 'Djemorah', 7)
     , (225, 0, '07.02.01', 'Branis', 'Djemorah', 7)
     , (226, 0, '07.04.01', 'El Outaya', 'El Outaya', 7)
     , (227, 0, '07.03.02', 'El Kantara', 'El Kantara', 7)
     , (228, 0, '07.10.02', 'Khenguet Sidi Nadji', 'Zeribet El Oued', 7)
     , (229, 0, '07.03.01', 'Ain Zaatout', 'El Kantara', 7)
     , (230, 0, '07.10.04', 'Zeribet El Oued', 'Zeribet El Oued', 7)
     , (231, 0, '07.10.03', 'Meziraa', 'Zeribet El Oued', 7)
     , (232, 0, '07.01.01', 'Biskra', 'Biskra', 7)
     , (233, 0, '07.01.02', 'El Hadjab', 'Biskra', 7)
     , (234, 0, '07.07.02', 'M''lili', 'Ourlal', 7)
     , (235, 0, '07.05.02', 'Foughala', 'Foughala', 7)
     , (236, 0, '07.05.01', 'El Ghrous', 'Foughala', 7)
     , (237, 0, '07.09.01', 'Bordj Ben Azzouz', 'Tolga', 7)
     , (238, 0, '07.07.05', 'Ourlal', 'Ourlal', 7)
     , (239, 0, '07.07.04', 'Oumache', 'Ourlal', 7)
     , (240, 0, '07.08.01', 'Ain Naga', 'Sidi Okba', 7)
     , (241, 0, '07.08.02', 'Chetma', 'Sidi Okba', 7)
     , (242, 0, '07.08.03', 'El Haouch', 'Sidi Okba', 7)
     , (243, 0, '07.08.04', 'Sidi Okba', 'Sidi Okba', 7)
     , (244, 0, '07.06.01', 'M''chouneche', 'Mechouneche', 7)
     , (245, 0, '07.07.01', 'Lioua', 'Ourlal', 7)
     , (246, 0, '07.09.04', 'Tolga', 'Tolga', 7)
     , (247, 0, '08.02.01', 'Bechar', 'Bechar', 8)
     , (248, 0, '08.05.01', 'Boukais', 'Lahmar', 8)
     , (249, 0, '08.05.02', 'Lahmar', 'Lahmar', 8)
     , (250, 0, '08.05.03', 'Mogheul', 'Lahmar', 8)
     , (251, 0, '08.04.02', 'Meridja', 'Kenadsa', 8)
     , (252, 0, '08.07.01', 'Taghit', 'Taghit', 8)
     , (253, 0, '08.01.01', 'Abadla', 'Abadla', 8)
     , (254, 0, '08.01.02', 'Erg-Ferradj', 'Abadla', 8)
     , (255, 0, '08.01.03', 'Machraa-Houari-Boumediene', 'Abadla', 8)
     , (256, 0, '08.03.01', 'Beni-Ounif', 'Beni Ounif', 8)
     , (257, 0, '08.06.01', 'Tabelbala', 'Tabelbala', 8)
     , (258, 0, '08.04.01', 'Kenadsa', 'Kenadsa', 8)
     , (259, 0, '09.10.01', 'Beni Mered', 'Ouled Yaich', 9)
     , (260, 0, '09.03.03', 'Ouled Slama', 'Bougara', 9)
     , (261, 0, '09.08.03', 'Mouzaia', 'Mouzaia', 9)
     , (262, 0, '09.03.02', 'Hammam Elouane', 'Bougara', 9)
     , (263, 0, '09.03.01', 'Bougara', 'Bougara', 9)
     , (264, 0, '09.06.02', 'Souhane', 'Larbaa', 9)
     , (265, 0, '09.06.01', 'Larbaa', 'Larbaa', 9)
     , (266, 0, '09.02.03', 'Soumaa', 'Boufarik', 9)
     , (267, 0, '09.02.02', 'Guerrouaou', 'Boufarik', 9)
     , (268, 0, '09.02.01', 'Boufarik', 'Boufarik', 9)
     , (269, 0, '09.07.02', 'Meftah', 'Meftah', 9)
     , (270, 0, '09.08.02', 'Chiffa', 'Mouzaia', 9)
     , (271, 0, '09.08.01', 'Ain Romana', 'Mouzaia', 9)
     , (272, 0, '09.05.02', 'Oued  Djer', 'El Affroun', 9)
     , (273, 0, '09.05.01', 'El-Affroun', 'El Affroun', 9)
     , (274, 0, '09.10.03', 'Ouled Yaich', 'Ouled Yaich', 9)
     , (275, 0, '09.10.02', 'Chrea', 'Ouled Yaich', 9)
     , (276, 0, '09.07.01', 'Djebabra', 'Meftah', 9)
     , (277, 0, '09.09.03', 'Oued El Alleug', 'Oued El Alleug', 9)
     , (278, 0, '09.09.02', 'Benkhelil', 'Oued El Alleug', 9)
     , (279, 0, '09.09.01', 'Beni-Tamou', 'Oued El Alleug', 9)
     , (280, 0, '09.04.02', 'Chebli', 'Bouinan', 9)
     , (281, 0, '09.04.01', 'Bouinan', 'Bouinan', 9)
     , (282, 0, '09.01.02', 'Bouarfa', 'Blida', 9)
     , (283, 0, '09.01.01', 'Blida', 'Blida', 9)
     , (284, 0, '10.01.03', 'Ain Laloui', 'Ain Bessem', 10)
     , (285, 0, '10.04.02', 'Hadjera Zerga', 'Bordj Okhriss', 10)
     , (286, 0, '10.04.03', 'Mezdour', 'Bordj Okhriss', 10)
     , (287, 0, '10.04.04', 'Taguedite', 'Bordj Okhriss', 10)
     , (288, 0, '10.12.05', 'Ridane', 'Sour El Ghozlane', 10)
     , (289, 0, '10.12.04', 'Maamora', 'Sour El Ghozlane', 10)
     , (290, 0, '10.12.03', 'El-Hakimia', 'Sour El Ghozlane', 10)
     , (291, 0, '10.02.01', 'Ahl El Ksar', 'Bechloul', 10)
     , (292, 0, '10.12.02', 'Dirah', 'Sour El Ghozlane', 10)
     , (293, 0, '10.12.01', 'Dechmia', 'Sour El Ghozlane', 10)
     , (294, 0, '10.02.02', 'Bechloul', 'Bechloul', 10)
     , (295, 0, '10.10.02', 'Ath Mansour', 'M''chedallah', 10)
     , (296, 0, '10.10.06', 'Saharidj', 'M''chedallah', 10)
     , (297, 0, '10.02.03', 'El Adjiba', 'Bechloul', 10)
     , (298, 0, '10.02.04', 'El Asnam', 'Bechloul', 10)
     , (299, 0, '10.10.05', 'M Chedallah', 'M''chedallah', 10)
     , (300, 0, '10.04.01', 'Bordj Okhriss', 'Bordj Okhriss', 10)
     , (301, 0, '10.12.06', 'Sour El Ghozlane', 'Sour El Ghozlane', 10)
     , (302, 0, '10.10.04', 'Hanif', 'M''chedallah', 10)
     , (303, 0, '10.10.03', 'Chorfa', 'M''chedallah', 10)
     , (304, 0, '10.02.05', 'Ouled Rached', 'Bechloul', 10)
     , (305, 0, '10.01.02', 'Ain El Hadjar', 'Ain Bessem', 10)
     , (306, 0, '10.10.01', 'Aghbalou', 'M''chedallah', 10)
     , (307, 0, '10.03.03', 'Raouraoua', 'Bir Ghbalou', 10)
     , (308, 0, '10.03.02', 'El Khabouzia', 'Bir Ghbalou', 10)
     , (309, 0, '10.03.01', 'Bir Ghbalou', 'Bir Ghbalou', 10)
     , (310, 0, '10.05.03', 'Bouira', 'Bouira', 10)
     , (311, 0, '10.05.01', 'Ain Turk', 'Bouira', 10)
     , (312, 0, '10.05.02', 'Ait Laaziz', 'Bouira', 10)
     , (313, 0, '10.01.01', 'Ain-Bessem', 'Ain Bessem', 10)
     , (314, 0, '10.11.01', 'El-Mokrani', 'Souk El Khemis', 10)
     , (315, 0, '10.11.02', 'Souk El Khemis', 'Souk El Khemis', 10)
     , (316, 0, '10.08.01', 'Aomar', 'Kadiria', 10)
     , (317, 0, '10.08.02', 'Djebahia', 'Kadiria', 10)
     , (318, 0, '10.06.01', 'El Hachimia', 'El Hachimia', 10)
     , (319, 0, '10.07.01', 'Haizer', 'Haizer', 10)
     , (320, 0, '10.07.02', 'Taghzout', 'Haizer', 10)
     , (321, 0, '10.09.01', 'Bouderbala', 'Lakhdaria', 10)
     , (322, 0, '10.09.02', 'Boukram', 'Lakhdaria', 10)
     , (323, 0, '10.09.03', 'Guerrouma', 'Lakhdaria', 10)
     , (324, 0, '10.09.04', 'Lakhdaria', 'Lakhdaria', 10)
     , (325, 0, '10.09.05', 'Maala', 'Lakhdaria', 10)
     , (326, 0, '10.08.03', 'Kadiria', 'Kadiria', 10)
     , (327, 0, '10.09.06', 'Z''barbar (El Isseri )', 'Lakhdaria', 10)
     , (328, 0, '10.06.02', 'Oued El Berdi', 'El Hachimia', 10)
     , (329, 0, '11.03.02', 'Tazrouk', 'Tazrouk', 11)
     , (330, 0, '11.01.01', 'Abelsa', 'Silet', 11)
     , (331, 0, '11.02.02', 'Tamanrasset', 'Tamanrasset', 11)
     , (332, 0, '11.02.01', 'Ain Amguel', 'Tamanrasset', 11)
     , (333, 0, '11.03.01', 'Idles', 'Tazrouk', 11)
     , (334, 0, '12.06.01', 'El-Houidjbet', 'El Malabiod', 12)
     , (335, 0, '12.04.02', 'El-Aouinet', 'El Aouinet', 12)
     , (336, 0, '12.09.01', 'Ferkane', 'Negrine', 12)
     , (337, 0, '12.09.02', 'Negrine', 'Negrine', 12)
     , (338, 0, '12.02.01', 'Bir Mokkadem', 'Bir Mokadem', 12)
     , (339, 0, '12.08.01', 'Bir Dheheb', 'Morsott', 12)
     , (340, 0, '12.11.02', 'Saf Saf El Ouesra', 'Oum Ali', 12)
     , (341, 0, '12.02.02', 'Guorriguer', 'Bir Mokadem', 12)
     , (342, 0, '12.05.01', 'Bekkaria', 'El Kouif', 12)
     , (343, 0, '12.05.02', 'Boulhaf Dyr', 'El Kouif', 12)
     , (344, 0, '12.11.01', 'Oum Ali', 'Oum Ali', 12)
     , (345, 0, '12.04.01', 'Boukhadra', 'El Aouinet', 12)
     , (346, 0, '12.06.02', 'El Malabiod', 'El Malabiod', 12)
     , (347, 0, '12.10.03', 'Ouenza', 'Ouenza', 12)
     , (348, 0, '12.10.02', 'El Meridj', 'Ouenza', 12)
     , (349, 0, '12.10.01', 'Ain Zerga', 'Ouenza', 12)
     , (350, 0, '12.07.04', 'Stah Guentis', 'El Ogla', 12)
     , (351, 0, '12.07.03', 'El Ogla', 'El Ogla', 12)
     , (352, 0, '12.07.02', 'El Mezeraa', 'El Ogla', 12)
     , (353, 0, '12.07.01', 'Bedjene', 'El Ogla', 12)
     , (354, 0, '12.08.02', 'Morsott', 'Morsott', 12)
     , (355, 0, '12.03.02', 'Telidjen', 'Cheria', 12)
     , (356, 0, '12.03.01', 'Cheria', 'Cheria', 12)
     , (357, 0, '12.01.02', 'El Ogla El Malha', 'Bir El Ater', 12)
     , (358, 0, '12.01.01', 'Bir-El-Ater', 'Bir El Ater', 12)
     , (359, 0, '12.12.01', 'Tebessa', 'Tebessa', 12)
     , (360, 0, '12.02.03', 'Hammamet', 'Bir Mokadem', 12)
     , (361, 0, '12.05.03', 'El Kouif', 'El Kouif', 12)
     , (362, 0, '13.02.01', 'Bab El Assa', 'Bab El Assa', 13)
     , (363, 0, '13.12.04', 'Terny Beni Hediel', 'Mansourah', 13)
     , (364, 0, '13.12.03', 'Mansourah', 'Mansourah', 13)
     , (365, 0, '13.12.02', 'Beni Mester', 'Mansourah', 13)
     , (366, 0, '13.12.01', 'Ain Ghoraba', 'Mansourah', 13)
     , (367, 0, '13.06.03', 'Chetouane', 'Chetouane', 13)
     , (368, 0, '13.06.02', 'Amieur', 'Chetouane', 13)
     , (369, 0, '13.06.01', 'Ain Fezza', 'Chetouane', 13)
     , (370, 0, '13.10.02', 'Honnaine', 'Honnaine', 13)
     , (371, 0, '13.10.01', 'Beni Khellad', 'Honnaine', 13)
     , (372, 0, '13.19.02', 'Sidi Djillali', 'Sidi Djillali', 13)
     , (373, 0, '13.19.01', 'Bouihi', 'Sidi Djillali', 13)
     , (374, 0, '13.14.02', 'Nedroma', 'Nedroma', 13)
     , (375, 0, '13.13.01', 'M''sirda Fouaga', 'Marsa Ben Mehdi', 13)
     , (376, 0, '13.13.02', 'Marsa Ben M''hidi', 'Marsa Ben Mehdi', 13)
     , (377, 0, '13.03.02', 'Sidi Medjahed', 'Beni Boussaid', 13)
     , (378, 0, '13.03.01', 'Beni Boussaid', 'Beni Boussaid', 13)
     , (379, 0, '13.18.03', 'Sebdou', 'Sebdou', 13)
     , (380, 0, '13.18.02', 'El Gor', 'Sebdou', 13)
     , (381, 0, '13.18.01', 'El Aricha', 'Sebdou', 13)
     , (382, 0, '13.17.01', 'Bouhlou', 'Sabra', 13)
     , (383, 0, '13.11.02', 'Maghnia', 'Maghnia', 13)
     , (384, 0, '13.11.01', 'Hammam Boughrara', 'Maghnia', 13)
     , (385, 0, '13.09.03', 'Zenata', 'Hennaya', 13)
     , (386, 0, '13.09.02', 'Ouled Riyah', 'Hennaya', 13)
     , (387, 0, '13.09.01', 'Hennaya', 'Hennaya', 13)
     , (388, 0, '13.05.02', 'Sidi Abdelli', 'Bensekrane', 13)
     , (389, 0, '13.02.03', 'Souk Tleta', 'Bab El Assa', 13)
     , (390, 0, '13.05.01', 'Bensekrane', 'Bensekrane', 13)
     , (391, 0, '13.07.03', 'Fellaoucene', 'Fellaoucene', 13)
     , (392, 0, '13.07.02', 'Ain Kebira', 'Fellaoucene', 13)
     , (393, 0, '13.07.01', 'Ain Fetah', 'Fellaoucene', 13)
     , (394, 0, '13.20.01', 'Tlemcen', 'Tlemcen', 13)
     , (395, 0, '13.01.01', 'Ain Nehala', 'Ain Tellout', 13)
     , (396, 0, '13.01.02', 'Ain Tellout', 'Ain Tellout', 13)
     , (397, 0, '13.16.01', 'Ain Youcef', 'Remchi', 13)
     , (398, 0, '13.16.02', 'Beni Ouarsous', 'Remchi', 13)
     , (399, 0, '13.16.03', 'El Fehoul', 'Remchi', 13)
     , (400, 0, '13.16.04', 'Remchi', 'Remchi', 13)
     , (401, 0, '13.16.05', 'Sebbaa Chioukh', 'Remchi', 13)
     , (402, 0, '13.02.02', 'Souani', 'Bab El Assa', 13)
     , (403, 0, '13.17.02', 'Sabra', 'Sabra', 13)
     , (404, 0, '13.08.01', 'Dar Yaghmoracen', 'Ghazaouet', 13)
     , (405, 0, '13.08.02', 'Ghazaouet', 'Ghazaouet', 13)
     , (406, 0, '13.08.03', 'Souahlia', 'Ghazaouet', 13)
     , (407, 0, '13.08.04', 'Tianet', 'Ghazaouet', 13)
     , (408, 0, '13.15.01', 'Beni Smiel', 'Ouled Mimoun', 13)
     , (409, 0, '13.15.02', 'Oued Lakhdar', 'Ouled Mimoun', 13)
     , (410, 0, '13.15.03', 'Ouled Mimoun', 'Ouled Mimoun', 13)
     , (411, 0, '13.04.02', 'Beni Bahdel', 'Beni Snous', 13)
     , (412, 0, '13.04.03', 'Beni Snous', 'Beni Snous', 13)
     , (413, 0, '13.04.01', 'Azail', 'Beni Snous', 13)
     , (414, 0, '13.14.01', 'Djebala', 'Nedroma', 13)
     , (415, 0, '14.07.02', 'Mahdia', 'Mahdia', 14)
     , (416, 0, '14.07.01', 'Ain Dzarit', 'Mahdia', 14)
     , (417, 0, '14.07.04', 'Sebaine', 'Mahdia', 14)
     , (418, 0, '14.13.01', 'Faidja', 'Sougueur', 14)
     , (419, 0, '14.13.02', 'Si Abdelghani', 'Sougueur', 14)
     , (420, 0, '14.13.03', 'Sougueur', 'Sougueur', 14)
     , (421, 0, '14.13.04', 'Tousnina', 'Sougueur', 14)
     , (422, 0, '14.10.01', 'Meghila', 'Meghila', 14)
     , (423, 0, '14.10.02', 'Sebt', 'Meghila', 14)
     , (424, 0, '14.10.03', 'Sidi Hosni', 'Meghila', 14)
     , (425, 0, '14.04.01', 'Ain El Hadid', 'Frenda', 14)
     , (426, 0, '14.04.02', 'Frenda', 'Frenda', 14)
     , (427, 0, '14.04.03', 'Takhemaret', 'Frenda', 14)
     , (428, 0, '14.02.01', 'Ain Kermes', 'Ain Kermes', 14)
     , (429, 0, '14.02.02', 'Djebilet Rosfa', 'Ain Kermes', 14)
     , (430, 0, '14.02.03', 'Madna', 'Ain Kermes', 14)
     , (431, 0, '14.02.04', 'Medrissa', 'Ain Kermes', 14)
     , (432, 0, '14.02.05', 'Sidi Abderrahmane', 'Ain Kermes', 14)
     , (433, 0, '14.06.01', 'Ksar Chellala', 'Ksar Chellala', 14)
     , (434, 0, '14.12.01', 'Guertoufa', 'Rahouia', 14)
     , (435, 0, '14.06.02', 'Serghine', 'Ksar Chellala', 14)
     , (436, 0, '14.06.03', 'Zmalet El Emir Abdelkade', 'Ksar Chellala', 14)
     , (437, 0, '14.11.01', 'Oued Lilli', 'Oued Lili', 14)
     , (438, 0, '14.11.02', 'Sidi Ali Mellal', 'Oued Lili', 14)
     , (439, 0, '14.08.01', 'Djillali Ben Amar', 'Mechraa Sfa', 14)
     , (440, 0, '14.08.02', 'Mechraa Safa', 'Mechraa Sfa', 14)
     , (441, 0, '14.08.03', 'Tagdempt', 'Mechraa Sfa', 14)
     , (442, 0, '14.05.01', 'Bougara', 'Hamadia', 14)
     , (443, 0, '14.05.02', 'Hamadia', 'Hamadia', 14)
     , (444, 0, '14.05.03', 'Rechaiga', 'Hamadia', 14)
     , (445, 0, '14.11.03', 'Tidda', 'Oued Lili', 14)
     , (446, 0, '14.07.03', 'Nadorah', 'Mahdia', 14)
     , (447, 0, '14.14.01', 'Tiaret', 'Tiaret', 14)
     , (448, 0, '14.09.01', 'Medroussa', 'Medroussa', 14)
     , (449, 0, '14.09.02', 'Mellakou', 'Medroussa', 14)
     , (450, 0, '14.09.03', 'Sidi Bakhti', 'Medroussa', 14)
     , (451, 0, '14.01.01', 'Ain Deheb', 'Ain Deheb', 14)
     , (452, 0, '14.01.02', 'Chehaima', 'Ain Deheb', 14)
     , (453, 0, '14.01.03', 'Naima', 'Ain Deheb', 14)
     , (454, 0, '14.03.01', 'Ain Bouchekif', 'Dahmouni', 14)
     , (455, 0, '14.03.02', 'Dahmouni', 'Dahmouni', 14)
     , (456, 0, '14.12.02', 'Rahouia', 'Rahouia', 14)
     , (457, 0, '15.18.02', 'Mizrana', 'Tigzirt', 15)
     , (458, 0, '15.07.03', 'Idjeur', 'Bouzeguene', 15)
     , (459, 0, '15.04.03', 'Beni-Douala', 'Beni Douala', 15)
     , (460, 0, '15.07.01', 'Beni-Zikki', 'Bouzeguene', 15)
     , (461, 0, '15.07.04', 'Illoula Oumalou', 'Bouzeguene', 15)
     , (462, 0, '15.16.01', 'Agouni-Gueghrane', 'Ouadhias', 15)
     , (463, 0, '15.16.02', 'Ait Bouaddou', 'Ouadhias', 15)
     , (464, 0, '15.16.03', 'Ouadhias', 'Ouadhias', 15)
     , (465, 0, '15.16.04', 'Tizi N''tleta', 'Ouadhias', 15)
     , (466, 0, '15.03.01', 'Aghribs', 'Azeffoun', 15)
     , (467, 0, '15.03.02', 'Ait-Chafaa', 'Azeffoun', 15)
     , (468, 0, '15.03.03', 'Akerrou', 'Azeffoun', 15)
     , (469, 0, '15.03.04', 'Azeffoun', 'Azeffoun', 15)
     , (470, 0, '15.18.01', 'Iflissen', 'Tigzirt', 15)
     , (471, 0, '15.18.03', 'Tigzirt', 'Tigzirt', 15)
     , (472, 0, '15.06.01', 'Assi-Youcef', 'Boghni', 15)
     , (473, 0, '15.06.02', 'Boghni', 'Boghni', 15)
     , (474, 0, '15.06.03', 'Bounouh', 'Boghni', 15)
     , (475, 0, '15.06.04', 'Mechtras', 'Boghni', 15)
     , (476, 0, '15.08.01', 'Draa-Ben-Khedda', 'Draa Ben Khedda', 15)
     , (477, 0, '15.08.02', 'Sidi Namane', 'Draa Ben Khedda', 15)
     , (478, 0, '15.08.03', 'Tadmait', 'Draa Ben Khedda', 15)
     , (479, 0, '15.08.04', 'Tirmitine', 'Draa Ben Khedda', 15)
     , (480, 0, '15.15.02', 'Ait Boumahdi', 'Ouacif', 15)
     , (481, 0, '15.15.01', 'Ait-Toudert', 'Ouacif', 15)
     , (482, 0, '15.04.02', 'Beni-Aissi', 'Beni Douala', 15)
     , (483, 0, '15.15.03', 'Ouacif', 'Ouacif', 15)
     , (484, 0, '15.14.01', 'Ait Khellili', 'Mekla', 15)
     , (485, 0, '15.14.02', 'Mekla', 'Mekla', 15)
     , (486, 0, '15.14.03', 'Souama', 'Mekla', 15)
     , (487, 0, '15.05.01', 'Beni-Yenni', 'Benni Yenni', 15)
     , (488, 0, '15.05.02', 'Iboudrarene', 'Benni Yenni', 15)
     , (489, 0, '15.20.01', 'Tizi-Ouzou', 'Tizi Ouzou', 15)
     , (490, 0, '15.01.01', 'Abi-Youcef', 'Ain El Hammam', 15)
     , (491, 0, '15.01.02', 'Ain-El-Hammam', 'Ain El Hammam', 15)
     , (492, 0, '15.01.03', 'Ait-Yahia', 'Ain El Hammam', 15)
     , (493, 0, '15.01.04', 'Akbil', 'Ain El Hammam', 15)
     , (494, 0, '15.13.01', 'Boudjima', 'Makouda', 15)
     , (495, 0, '15.13.02', 'Makouda', 'Makouda', 15)
     , (496, 0, '15.09.01', 'Ain-Zaouia', 'Draa El Mizan', 15)
     , (497, 0, '15.09.02', 'Ait Yahia Moussa', 'Draa El Mizan', 15)
     , (498, 0, '15.09.03', 'Draa-El-Mizan', 'Draa El Mizan', 15)
     , (499, 0, '15.09.04', 'Frikat', 'Draa El Mizan', 15)
     , (500, 0, '15.19.01', 'M''kira', 'Tizi-Ghenif', 15)
     , (501, 0, '15.19.02', 'Tizi-Gheniff', 'Tizi-Ghenif', 15)
     , (502, 0, '15.05.03', 'Yatafene', 'Benni Yenni', 15)
     , (503, 0, '15.10.02', 'Illilten', 'Iferhounene', 15)
     , (504, 0, '15.10.03', 'Imsouhal', 'Iferhounene', 15)
     , (505, 0, '15.02.01', 'Azazga', 'Azazga', 15)
     , (506, 0, '15.02.02', 'Freha', 'Azazga', 15)
     , (507, 0, '15.02.03', 'Ifigha', 'Azazga', 15)
     , (508, 0, '15.02.04', 'Yakourene', 'Azazga', 15)
     , (509, 0, '15.02.05', 'Zekri', 'Azazga', 15)
     , (510, 0, '15.11.01', 'Ait Aggouacha', 'Larbaa Nath Iraten', 15)
     , (511, 0, '15.11.02', 'Irdjen', 'Larbaa Nath Iraten', 15)
     , (512, 0, '15.11.03', 'Larbaa Nath Irathen', 'Larbaa Nath Iraten', 15)
     , (513, 0, '15.21.01', 'Ait-Oumalou', 'Tizi Rached', 15)
     , (514, 0, '15.21.02', 'Tizi-Rached', 'Tizi Rached', 15)
     , (515, 0, '15.17.01', 'Ait-Aissa-Mimoun', 'Ouaguenoun', 15)
     , (516, 0, '15.17.02', 'Ouaguenoun', 'Ouaguenoun', 15)
     , (517, 0, '15.17.03', 'Timizart', 'Ouaguenoun', 15)
     , (518, 0, '15.12.01', 'Maatkas', 'Maatkas', 15)
     , (519, 0, '15.12.02', 'Souk-El-Tenine', 'Maatkas', 15)
     , (520, 0, '15.04.01', 'Ait-Mahmoud', 'Beni Douala', 15)
     , (521, 0, '15.04.04', 'Beni Zmenzer', 'Beni Douala', 15)
     , (522, 0, '15.10.01', 'Iferhounene', 'Iferhounene', 15)
     , (523, 0, '15.07.02', 'Bouzeguene', 'Bouzeguene', 15)
     , (524, 0, '16.10.02', 'Hussein Dey', 'Hussein Dey', 16)
     , (525, 0, '16.02.02', 'Les Eucalyptus', 'Baraki', 16)
     , (526, 0, '16.02.03', 'Sidi Moussa', 'Baraki', 16)
     , (527, 0, '16.10.03', 'Kouba', 'Hussein Dey', 16)
     , (528, 0, '16.10.04', 'Mohamed Belouzdad', 'Hussein Dey', 16)
     , (529, 0, '16.07.01', 'Ain Taya', 'Dar El Beida', 16)
     , (530, 0, '16.07.02', 'Bab Ezzouar', 'Dar El Beida', 16)
     , (531, 0, '16.07.04', 'Bordj El Kiffan', 'Dar El Beida', 16)
     , (532, 0, '16.07.05', 'Dar El Beida', 'Dar El Beida', 16)
     , (533, 0, '16.07.06', 'El Marsa', 'Dar El Beida', 16)
     , (534, 0, '16.07.07', 'Mohammadia', 'Dar El Beida', 16)
     , (535, 0, '16.04.01', 'Bir Touta', 'Birtouta', 16)
     , (536, 0, '16.04.02', 'Ouled Chebel', 'Birtouta', 16)
     , (537, 0, '16.04.03', 'Tessala El Merdja', 'Birtouta', 16)
     , (538, 0, '16.11.01', 'Herraoua', 'Rouiba', 16)
     , (539, 0, '16.11.02', 'Reghaia', 'Rouiba', 16)
     , (540, 0, '16.11.03', 'Rouiba', 'Rouiba', 16)
     , (541, 0, '16.13.01', 'Maalma', 'Zeralda', 16)
     , (542, 0, '16.13.02', 'Rahmania', 'Zeralda', 16)
     , (543, 0, '16.13.03', 'Souidania', 'Zeralda', 16)
     , (544, 0, '16.13.04', 'Staoueli', 'Zeralda', 16)
     , (545, 0, '16.13.05', 'Zeralda', 'Zeralda', 16)
     , (546, 0, '16.08.01', 'Baba Hassen', 'Draria', 16)
     , (547, 0, '16.08.02', 'Douira', 'Draria', 16)
     , (548, 0, '16.08.03', 'Draria', 'Draria', 16)
     , (549, 0, '16.08.04', 'El Achour', 'Draria', 16)
     , (550, 0, '16.08.05', 'Khraissia', 'Draria', 16)
     , (551, 0, '16.06.01', 'Ain Benian', 'Cheraga', 16)
     , (552, 0, '16.06.02', 'Cheraga', 'Cheraga', 16)
     , (553, 0, '16.06.03', 'Dely Ibrahim', 'Cheraga', 16)
     , (554, 0, '16.06.04', 'Hammamet', 'Cheraga', 16)
     , (555, 0, '16.06.05', 'Ouled Fayet', 'Cheraga', 16)
     , (556, 0, '16.12.01', 'Alger Centre', 'Sidi M''hamed', 16)
     , (557, 0, '16.12.02', 'El Madania', 'Sidi M''hamed', 16)
     , (558, 0, '16.12.03', 'El Mouradia', 'Sidi M''hamed', 16)
     , (559, 0, '16.12.04', 'Sidi M''hamed', 'Sidi M''hamed', 16)
     , (560, 0, '16.03.05', 'Sehaoula', 'Bir Mourad Rais', 16)
     , (561, 0, '16.01.02', 'Bologhine Ibnou Ziri', 'Bab El Oued', 16)
     , (562, 0, '16.01.03', 'Casbah', 'Bab El Oued', 16)
     , (563, 0, '16.01.04', 'Oued Koriche', 'Bab El Oued', 16)
     , (564, 0, '16.01.05', 'Rais Hamidou', 'Bab El Oued', 16)
     , (565, 0, '16.03.01', 'Bir Mourad Rais', 'Bir Mourad Rais', 16)
     , (566, 0, '16.03.02', 'Birkhadem', 'Bir Mourad Rais', 16)
     , (567, 0, '16.03.03', 'Djasr Kasentina', 'Bir Mourad Rais', 16)
     , (568, 0, '16.03.04', 'Hydra', 'Bir Mourad Rais', 16)
     , (569, 0, '16.10.01', 'El Magharia', 'Hussein Dey', 16)
     , (570, 0, '16.05.01', 'Ben Aknoun', 'Bouzareah', 16)
     , (571, 0, '16.05.02', 'Beni Messous', 'Bouzareah', 16)
     , (572, 0, '16.05.03', 'Bouzareah', 'Bouzareah', 16)
     , (573, 0, '16.05.04', 'El Biar', 'Bouzareah', 16)
     , (574, 0, '16.09.01', 'Bachedjerah', 'El Harrach', 16)
     , (575, 0, '16.09.02', 'Bourouba', 'El Harrach', 16)
     , (576, 0, '16.09.03', 'El Harrach', 'El Harrach', 16)
     , (577, 0, '16.09.04', 'Oued Smar', 'El Harrach', 16)
     , (578, 0, '16.02.01', 'Baraki', 'Baraki', 16)
     , (579, 0, '16.07.03', 'Bordj El Bahri', 'Dar El Beida', 16)
     , (580, 0, '16.01.01', 'Bab El Oued', 'Bab El Oued', 16)
     , (581, 0, '17.10.03', 'Hassi El Euch', 'Hassi Bahbah', 17)
     , (582, 0, '17.01.01', 'Ain El Ibel', 'Ain El Ibel', 17)
     , (583, 0, '17.04.03', 'El Guedid', 'Charef', 17)
     , (584, 0, '17.04.02', 'Charef', 'Charef', 17)
     , (585, 0, '17.04.01', 'Benyagoub', 'Charef', 17)
     , (586, 0, '17.05.03', 'Sidi Baizid', 'Dar Chioukh', 17)
     , (587, 0, '17.05.02', 'M''liliha', 'Dar Chioukh', 17)
     , (588, 0, '17.05.01', 'Dar Chioukh', 'Dar Chioukh', 17)
     , (589, 0, '17.01.03', 'Taadmit', 'Ain El Ibel', 17)
     , (590, 0, '17.09.03', 'Had Sahary', 'Had Sahary', 17)
     , (591, 0, '17.09.02', 'Bouira Lahdab', 'Had Sahary', 17)
     , (592, 0, '17.09.01', 'Ain Fekka', 'Had Sahary', 17)
     , (593, 0, '17.12.03', 'Sidi Laadjel', 'Sidi Laadjel', 17)
     , (594, 0, '17.12.02', 'Hassi Fedoul', 'Sidi Laadjel', 17)
     , (595, 0, '17.12.01', 'El Khemis', 'Sidi Laadjel', 17)
     , (596, 0, '17.11.05', 'Selmana', 'Messaad', 17)
     , (597, 0, '17.11.04', 'Sed Rahal', 'Messaad', 17)
     , (598, 0, '17.11.03', 'Messaad', 'Messaad', 17)
     , (599, 0, '17.11.02', 'Guettara', 'Messaad', 17)
     , (600, 0, '17.11.01', 'Deldoul', 'Messaad', 17)
     , (601, 0, '17.01.04', 'Zaccar', 'Ain El Ibel', 17)
     , (602, 0, '17.07.02', 'Douis', 'El Idrissia', 17)
     , (603, 0, '17.07.03', 'El Idrissia', 'El Idrissia', 17)
     , (604, 0, '17.07.01', 'Ain Chouhada', 'El Idrissia', 17)
     , (605, 0, '17.06.01', 'Djelfa', 'Djelfa', 17)
     , (606, 0, '17.03.02', 'Birine', 'Birine', 17)
     , (607, 0, '17.08.03', 'Oum Laadham', 'Faidh El Botma', 17)
     , (608, 0, '17.08.02', 'Faidh El Botma', 'Faidh El Botma', 17)
     , (609, 0, '17.08.01', 'Amourah', 'Faidh El Botma', 17)
     , (610, 0, '17.10.04', 'Zaafrane', 'Hassi Bahbah', 17)
     , (611, 0, '17.02.02', 'Guernini', 'Ain Oussera', 17)
     , (612, 0, '17.02.01', 'Ain Oussera', 'Ain Oussera', 17)
     , (613, 0, '17.03.01', 'Benhar', 'Birine', 17)
     , (614, 0, '17.10.01', 'Ain Maabed', 'Hassi Bahbah', 17)
     , (615, 0, '17.10.02', 'Hassi Bahbah', 'Hassi Bahbah', 17)
     , (616, 0, '17.01.02', 'Moudjebara', 'Ain El Ibel', 17)
     , (617, 0, '18.06.01', 'Jijel', 'Jijel', 18)
     , (618, 0, '18.04.01', 'El Aouana', 'El Aouana', 18)
     , (619, 0, '18.04.02', 'Selma Benziada', 'El Aouana', 18)
     , (620, 0, '18.11.01', 'Erraguene Souissi', 'Ziamah Mansouriah', 18)
     , (621, 0, '18.09.01', 'Boussif Ouled Askeur', 'Taher', 18)
     , (622, 0, '18.11.02', 'Ziama Mansouriah', 'Ziamah Mansouriah', 18)
     , (623, 0, '18.09.02', 'Chahna', 'Taher', 18)
     , (624, 0, '18.09.03', 'Emir Abdelkader', 'Taher', 18)
     , (625, 0, '18.09.04', 'Oudjana', 'Taher', 18)
     , (626, 0, '18.09.05', 'Taher', 'Taher', 18)
     , (627, 0, '18.01.02', 'Chekfa', 'Chekfa', 18)
     , (628, 0, '18.01.03', 'El Kennar Nouchfi', 'Chekfa', 18)
     , (629, 0, '18.01.04', 'Sidi Abdelaziz', 'Chekfa', 18)
     , (630, 0, '18.05.01', 'El Milia', 'El Milia', 18)
     , (631, 0, '18.05.02', 'Ouled Yahia Khadrouch', 'El Milia', 18)
     , (632, 0, '18.08.01', 'Ouled Rabah', 'Sidi Marouf', 18)
     , (633, 0, '18.08.02', 'Sidi Marouf', 'Sidi Marouf', 18)
     , (634, 0, '18.07.01', 'Ghebala', 'Settara', 18)
     , (635, 0, '18.07.02', 'Settara', 'Settara', 18)
     , (636, 0, '18.03.01', 'Bouraoui Belhadef', 'El Ancer', 18)
     , (637, 0, '18.03.03', 'El Ancer', 'El Ancer', 18)
     , (638, 0, '18.03.04', 'Khiri Oued Adjoul', 'El Ancer', 18)
     , (639, 0, '18.02.02', 'Djimla', 'Djimla', 18)
     , (640, 0, '18.10.01', 'Kaous', 'Texenna', 18)
     , (641, 0, '18.10.02', 'Texenna', 'Texenna', 18)
     , (642, 0, '18.01.01', 'Bordj T''har', 'Chekfa', 18)
     , (643, 0, '18.02.01', 'Boudria Beniyadjis', 'Djimla', 18)
     , (644, 0, '18.03.02', 'Djemaa Beni Habibi', 'El Ancer', 18)
     , (645, 0, '19.19.04', 'Rosfa', 'Salah Bey', 19)
     , (646, 0, '19.05.02', 'Oued El Bared', 'Amoucha', 19)
     , (647, 0, '19.05.03', 'Tizi N''bechar', 'Amoucha', 19)
     , (648, 0, '19.01.04', 'Mezloug', 'Ain Arnat', 19)
     , (649, 0, '19.04.02', 'Guellal', 'Ain Oulmene', 19)
     , (650, 0, '19.04.03', 'Kasr El Abtal', 'Ain Oulmene', 19)
     , (651, 0, '19.04.04', 'Ouled Si Ahmed', 'Ain Oulmene', 19)
     , (652, 0, '19.10.02', 'Ait Naoual Mezada', 'Bouandas', 19)
     , (653, 0, '19.10.01', 'Ait-Tizi', 'Bouandas', 19)
     , (654, 0, '19.10.03', 'Bouandas', 'Bouandas', 19)
     , (655, 0, '19.10.04', 'Bousselam', 'Bouandas', 19)
     , (656, 0, '19.17.01', 'Hamam Soukhna', 'Hammam Sokhna', 19)
     , (657, 0, '19.17.02', 'Taya', 'Hammam Sokhna', 19)
     , (658, 0, '19.17.03', 'Tella', 'Hammam Sokhna', 19)
     , (659, 0, '19.04.01', 'Ain Oulmene', 'Ain Oulmene', 19)
     , (660, 0, '19.19.01', 'Boutaleb', 'Salah Bey', 19)
     , (661, 0, '19.19.02', 'Hamma', 'Salah Bey', 19)
     , (662, 0, '19.19.03', 'Ouled Tebben', 'Salah Bey', 19)
     , (663, 0, '19.05.01', 'Amoucha', 'Amoucha', 19)
     , (664, 0, '19.19.05', 'Salah Bey', 'Salah Bey', 19)
     , (665, 0, '19.02.01', 'Ain Azel', 'Ain Azel', 19)
     , (666, 0, '19.02.02', 'Ain Lahdjar', 'Ain Azel', 19)
     , (667, 0, '19.02.03', 'Beidha Bordj', 'Ain Azel', 19)
     , (668, 0, '19.02.04', 'Bir Haddada', 'Ain Azel', 19)
     , (669, 0, '19.14.01', 'Guenzet', 'Guenzet', 19)
     , (670, 0, '19.14.02', 'Harbil', 'Guenzet', 19)
     , (671, 0, '19.11.01', 'Ain-Roua', 'Bougaa', 19)
     , (672, 0, '19.11.02', 'Beni Oussine', 'Bougaa', 19)
     , (673, 0, '19.01.03', 'El Ouricia', 'Ain Arnat', 19)
     , (674, 0, '19.11.03', 'Bougaa', 'Bougaa', 19)
     , (675, 0, '19.16.01', 'Draa-Kebila', 'Hammam Guergour', 19)
     , (676, 0, '19.16.02', 'Hammam Guergour', 'Hammam Guergour', 19)
     , (677, 0, '19.20.01', 'Setif', 'Setif', 19)
     , (678, 0, '19.03.01', 'Ain El Kebira', 'Ain El Kebira', 19)
     , (679, 0, '19.03.02', 'Dehamcha', 'Ain El Kebira', 19)
     , (680, 0, '19.03.03', 'Ouled Addouane', 'Ain El Kebira', 19)
     , (681, 0, '19.07.01', 'Ain-Sebt', 'Beni Aziz', 19)
     , (682, 0, '19.07.02', 'Beni-Aziz', 'Beni Aziz', 19)
     , (683, 0, '19.07.03', 'Maaouia', 'Beni Aziz', 19)
     , (684, 0, '19.09.01', 'Bellaa', 'Bir El Arch', 19)
     , (685, 0, '19.09.02', 'Bir-El-Arch', 'Bir El Arch', 19)
     , (686, 0, '19.09.03', 'El-Ouldja', 'Bir El Arch', 19)
     , (687, 0, '19.09.04', 'Tachouda', 'Bir El Arch', 19)
     , (688, 0, '19.18.02', 'Tala-Ifacene', 'Maoklane', 19)
     , (689, 0, '19.06.02', 'Serdj-El-Ghoul', 'Babor', 19)
     , (690, 0, '19.15.01', 'Guidjel', 'Guidjel', 19)
     , (691, 0, '19.15.02', 'Ouled Sabor', 'Guidjel', 19)
     , (692, 0, '19.13.01', 'Bazer-Sakra', 'El Eulma', 19)
     , (693, 0, '19.13.02', 'El Eulma', 'El Eulma', 19)
     , (694, 0, '19.13.03', 'Guelta Zerka', 'El Eulma', 19)
     , (695, 0, '19.12.01', 'Beni Fouda', 'Djemila', 19)
     , (696, 0, '19.12.02', 'Djemila', 'Djemila', 19)
     , (697, 0, '19.08.01', 'Ain-Legradj', 'Beni Ourtilane', 19)
     , (698, 0, '19.08.03', 'Beni Chebana', 'Beni Ourtilane', 19)
     , (699, 0, '19.08.04', 'Beni Ourtilane', 'Beni Ourtilane', 19)
     , (700, 0, '19.08.02', 'Beni-Mouhli', 'Beni Ourtilane', 19)
     , (701, 0, '19.01.01', 'Ain Abessa', 'Ain Arnat', 19)
     , (702, 0, '19.01.02', 'Ain Arnat', 'Ain Arnat', 19)
     , (703, 0, '19.06.01', 'Babor', 'Babor', 19)
     , (704, 0, '19.18.01', 'Maouaklane', 'Maoklane', 19)
     , (705, 0, '20.04.01', 'Saida', 'Saida', 20)
     , (706, 0, '20.03.03', 'Tircine', 'Ouled Brahim', 20)
     , (707, 0, '20.03.02', 'Ouled Brahim', 'Ouled Brahim', 20)
     , (708, 0, '20.03.01', 'Ain Soltane', 'Ouled Brahim', 20)
     , (709, 0, '20.02.03', 'Maamora', 'El Hassasna', 20)
     , (710, 0, '20.02.02', 'El Hassasna', 'El Hassasna', 20)
     , (711, 0, '20.02.01', 'Ain Sekhouna', 'El Hassasna', 20)
     , (712, 0, '20.05.04', 'Sidi Boubekeur', 'Sidi Boubekeur', 20)
     , (713, 0, '20.05.02', 'Ouled Khaled', 'Sidi Boubekeur', 20)
     , (714, 0, '20.05.01', 'Hounet', 'Sidi Boubekeur', 20)
     , (715, 0, '20.06.02', 'Youb', 'Youb', 20)
     , (716, 0, '20.06.01', 'Doui Thabet', 'Youb', 20)
     , (717, 0, '20.01.03', 'Sidi Ahmed', 'Ain El Hadjar', 20)
     , (718, 0, '20.01.02', 'Moulay Larbi', 'Ain El Hadjar', 20)
     , (719, 0, '20.01.01', 'Ain El Hadjar', 'Ain El Hadjar', 20)
     , (720, 0, '20.05.03', 'Sidi Amar', 'Sidi Boubekeur', 20)
     , (721, 0, '21.10.01', 'Ain Bouziane', 'Sidi Mezghiche', 21)
     , (722, 0, '21.06.04', 'Salah Bouchaour', 'El Harrouch', 21)
     , (723, 0, '21.05.03', 'El Hadaiek', 'El Hadaiek', 21)
     , (724, 0, '21.06.05', 'Zerdezas', 'El Harrouch', 21)
     , (725, 0, '21.06.03', 'Ouled Habbaba', 'El Harrouch', 21)
     , (726, 0, '21.10.02', 'Beni Oulbane', 'Sidi Mezghiche', 21)
     , (727, 0, '21.10.03', 'Sidi Mezghiche', 'Sidi Mezghiche', 21)
     , (728, 0, '21.09.01', 'Beni Bechir', 'Ramdane Djamel', 21)
     , (729, 0, '21.09.02', 'Ramdane Djamel', 'Ramdane Djamel', 21)
     , (730, 0, '21.12.01', 'Bin El Ouiden', 'Tamalous', 21)
     , (731, 0, '21.06.02', 'Emjez Edchich', 'El Harrouch', 21)
     , (732, 0, '21.12.03', 'Tamalous', 'Tamalous', 21)
     , (733, 0, '21.01.01', 'Ain Kechra', 'Ain Kechra', 21)
     , (734, 0, '21.01.02', 'Ouldja Boulbalout', 'Ain Kechra', 21)
     , (735, 0, '21.08.01', 'Oum Toub', 'Oum Toub', 21)
     , (736, 0, '21.02.04', 'El Ghedir', 'Azzaba', 21)
     , (737, 0, '21.12.02', 'Kerkara', 'Tamalous', 21)
     , (738, 0, '21.06.01', 'El Arrouch', 'El Harrouch', 21)
     , (739, 0, '21.13.02', 'Zitouna', 'Zitouna', 21)
     , (740, 0, '21.07.03', 'Ouled Attia', 'Ouled Attia', 21)
     , (741, 0, '21.07.02', 'Oued Zhour', 'Ouled Attia', 21)
     , (742, 0, '21.04.03', 'Collo', 'Collo', 21)
     , (743, 0, '21.04.02', 'Cheraia', 'Collo', 21)
     , (744, 0, '21.04.01', 'Beni Zid', 'Collo', 21)
     , (745, 0, '21.07.01', 'Khenag Maoune', 'Ouled Attia', 21)
     , (746, 0, '21.03.03', 'El Marsa', 'Ben Azzouz', 21)
     , (747, 0, '21.03.02', 'Ben Azzouz', 'Ben Azzouz', 21)
     , (748, 0, '21.03.01', 'Bekkouche Lakhdar', 'Ben Azzouz', 21)
     , (749, 0, '21.02.05', 'Es Sebt', 'Azzaba', 21)
     , (750, 0, '21.02.01', 'Ain Charchar', 'Azzaba', 21)
     , (751, 0, '21.02.02', 'Azzaba', 'Azzaba', 21)
     , (752, 0, '21.05.02', 'Bouchetata', 'El Hadaiek', 21)
     , (753, 0, '21.11.01', 'Filfila', 'Skikda', 21)
     , (754, 0, '21.11.02', 'Hammadi Krouma', 'Skikda', 21)
     , (755, 0, '21.11.03', 'Skikda', 'Skikda', 21)
     , (756, 0, '21.05.01', 'Ain Zouit', 'El Hadaiek', 21)
     , (757, 0, '21.02.03', 'Djendel Saadi Mohamed', 'Azzaba', 21)
     , (758, 0, '21.13.01', 'Kanoua', 'Zitouna', 21)
     , (759, 0, '22.09.02', 'Sidi Ali Benyoub', 'Sidi Ali Ben Youb', 22)
     , (760, 0, '22.06.03', 'Moulay Slissen', 'Moulay Slissen', 22)
     , (761, 0, '22.06.02', 'El Hacaiba', 'Moulay Slissen', 22)
     , (762, 0, '22.06.01', 'Ain Tindamine', 'Moulay Slissen', 22)
     , (763, 0, '22.14.04', 'Tenira', 'Tenira', 22)
     , (764, 0, '22.14.03', 'Oued Sefioun', 'Tenira', 22)
     , (765, 0, '22.14.02', 'Hassi Dahou', 'Tenira', 22)
     , (766, 0, '22.04.02', 'Oued Taourira', 'Merine', 22)
     , (767, 0, '22.14.01', 'Benachiba Chelia', 'Tenira', 22)
     , (768, 0, '22.12.04', 'Sidi Yacoub', 'Sidi Lahcene', 22)
     , (769, 0, '22.12.03', 'Sidi Lahcene', 'Sidi Lahcene', 22)
     , (770, 0, '22.12.02', 'Sidi Khaled', 'Sidi Lahcene', 22)
     , (771, 0, '22.09.03', 'Tabia', 'Sidi Ali Ben Youb', 22)
     , (772, 0, '22.01.03', 'Sidi Brahim', 'Ain El Berd', 22)
     , (773, 0, '22.12.01', 'Amarnas', 'Sidi Lahcene', 22)
     , (774, 0, '22.09.01', 'Boukhanefis', 'Sidi Ali Ben Youb', 22)
     , (775, 0, '22.02.04', 'Hassi Zahana', 'Ben Badis', 22)
     , (776, 0, '22.02.03', 'Chetouane Belaila', 'Ben Badis', 22)
     , (777, 0, '22.02.02', 'Ben Badis', 'Ben Badis', 22)
     , (778, 0, '22.02.01', 'Bedrabine El Mokrani', 'Ben Badis', 22)
     , (780, 0, '22.08.03', 'M''cid', 'Sfisef', 22)
     , (781, 0, '22.08.02', 'Boudjebaa El Bordj', 'Sfisef', 22)
     , (782, 0, '22.08.01', 'Ain- Adden', 'Sfisef', 22)
     , (783, 0, '22.01.04', 'Sidi Hamadouche', 'Ain El Berd', 22)
     , (784, 0, '22.03.03', 'Sidi Chaib', 'Marhoum', 22)
     , (785, 0, '22.01.02', 'Makedra', 'Ain El Berd', 22)
     , (786, 0, '22.01.01', 'Ain El Berd', 'Ain El Berd', 22)
     , (787, 0, '22.07.03', 'Redjem Demouche', 'Ras El Ma', 22)
     , (788, 0, '22.07.02', 'Ras El Ma', 'Ras El Ma', 22)
     , (789, 0, '22.07.01', 'Oued Sebaa', 'Ras El Ma', 22)
     , (790, 0, '22.03.02', 'Marhoum', 'Marhoum', 22)
     , (791, 0, '22.11.01', 'Sidi Bel-Abbes', 'Sidi Bel Abbes', 22)
     , (792, 0, '22.15.01', 'Ain Thrid', 'Tessala', 22)
     , (793, 0, '22.15.02', 'Sehala Thaoura', 'Tessala', 22)
     , (794, 0, '22.15.03', 'Tessala', 'Tessala', 22)
     , (795, 0, '22.05.01', 'Belarbi', 'Mostefa  Ben Brahim', 22)
     , (796, 0, '22.05.02', 'Mostefa  Ben Brahim', 'Mostefa  Ben Brahim', 22)
     , (797, 0, '22.05.03', 'Tilmouni', 'Mostefa  Ben Brahim', 22)
     , (798, 0, '22.05.04', 'Zerouala', 'Mostefa  Ben Brahim', 22)
     , (799, 0, '22.13.01', 'Dhaya', 'Telagh', 22)
     , (800, 0, '22.13.02', 'Mezaourou', 'Telagh', 22)
     , (801, 0, '22.13.03', 'Teghalimet', 'Telagh', 22)
     , (802, 0, '22.13.04', 'Telagh', 'Telagh', 22)
     , (803, 0, '22.10.01', 'Ain Kada', 'Sidi Ali Boussidi', 22)
     , (804, 0, '22.10.02', 'Lamtar', 'Sidi Ali Boussidi', 22)
     , (805, 0, '22.10.03', 'Sidi Ali Boussidi', 'Sidi Ali Boussidi', 22)
     , (806, 0, '22.10.04', 'Sidi Dahou Zairs', 'Sidi Ali Boussidi', 22)
     , (807, 0, '22.03.01', 'Bir El Hammam', 'Marhoum', 22)
     , (808, 0, '22.04.01', 'Merine', 'Merine', 22)
     , (809, 0, '22.04.04', 'Tefessour', 'Merine', 22)
     , (810, 0, '22.04.03', 'Taoudmout', 'Merine', 22)
     , (811, 0, '23.02.01', 'Annaba', 'Annaba', 23)
     , (812, 0, '23.02.02', 'Seraidi', 'Annaba', 23)
     , (813, 0, '23.03.01', 'Berrahal', 'Berrahal', 23)
     , (814, 0, '23.03.02', 'Oued El Aneb', 'Berrahal', 23)
     , (815, 0, '23.06.01', 'El Hadjar', 'El Hadjar', 23)
     , (816, 0, '23.06.02', 'Sidi Amar', 'El Hadjar', 23)
     , (817, 0, '23.05.01', 'El Bouni', 'El Bouni', 23)
     , (818, 0, '23.01.01', 'Ain El Berda', 'Ain El Berda', 23)
     , (819, 0, '23.01.02', 'Cheurfa', 'Ain El Berda', 23)
     , (820, 0, '23.01.03', 'El Eulma', 'Ain El Berda', 23)
     , (821, 0, '23.03.03', 'Treat', 'Berrahal', 23)
     , (822, 0, '23.04.01', 'Chetaibi', 'Chetaibi', 23)
     , (823, 0, '24.04.06', 'Nechmaya', 'Guelaat Bousbaa', 24)
     , (824, 0, '24.06.01', 'Bou Hamdane', 'Hammam Debagh', 24)
     , (825, 0, '24.06.02', 'Hammam Debagh', 'Hammam Debagh', 24)
     , (826, 0, '24.06.03', 'Roknia', 'Hammam Debagh', 24)
     , (827, 0, '24.07.01', 'Dahouara', 'Hammam N''bails', 24)
     , (828, 0, '24.07.02', 'Hammam N''bail', 'Hammam N''bails', 24)
     , (829, 0, '24.05.02', 'Guelma', 'Guelma', 24)
     , (830, 0, '24.04.03', 'Boumahra Ahmed', 'Guelaat Bousbaa', 24)
     , (831, 0, '24.03.01', 'Ain Ben Beida', 'Bouchegouf', 24)
     , (832, 0, '24.03.02', 'Bouchegouf', 'Bouchegouf', 24)
     , (833, 0, '24.03.03', 'Medjez Sfa', 'Bouchegouf', 24)
     , (834, 0, '24.03.04', 'Oued Ferragha', 'Bouchegouf', 24)
     , (835, 0, '24.08.01', 'Bouati Mahmoud', 'Heliopolis', 24)
     , (836, 0, '24.08.02', 'El Fedjoudj', 'Heliopolis', 24)
     , (837, 0, '24.08.03', 'Heliopolis', 'Heliopolis', 24)
     , (838, 0, '24.01.02', 'Medjez Amar', 'Ain Hessainia', 24)
     , (839, 0, '24.01.01', 'Houari Boumedienne', 'Ain Hessainia', 24)
     , (840, 0, '24.01.03', 'Ras El Agba', 'Ain Hessainia', 24)
     , (841, 0, '24.01.04', 'Sellaoua Announa', 'Ain Hessainia', 24)
     , (842, 0, '24.04.04', 'Djeballah Khemissi', 'Guelaat Bousbaa', 24)
     , (843, 0, '24.10.02', 'Bordj Sabath', 'Oued Zenati', 24)
     , (844, 0, '24.10.03', 'Oued Zenati', 'Oued Zenati', 24)
     , (845, 0, '24.10.01', 'Ain Regada', 'Oued Zenati', 24)
     , (846, 0, '24.02.01', 'Ain Larbi', 'Ain Makhlouf', 24)
     , (847, 0, '24.02.02', 'Ain Makhlouf', 'Ain Makhlouf', 24)
     , (848, 0, '24.02.03', 'Tamlouka', 'Ain Makhlouf', 24)
     , (849, 0, '24.09.01', 'Ain Sandel', 'Khezaras', 24)
     , (850, 0, '24.09.02', 'Bou Hachana', 'Khezaras', 24)
     , (851, 0, '24.09.03', 'Khezaras', 'Khezaras', 24)
     , (852, 0, '24.04.01', 'Belkheir', 'Guelaat Bousbaa', 24)
     , (853, 0, '24.04.02', 'Beni Mezline', 'Guelaat Bousbaa', 24)
     , (854, 0, '24.04.05', 'Guelaat Bou Sbaa', 'Guelaat Bousbaa', 24)
     , (855, 0, '24.07.03', 'Oued Cheham', 'Hammam N''bails', 24)
     , (856, 0, '24.05.01', 'Bendjarah', 'Guelma', 24)
     , (857, 0, '25.04.01', 'Didouche Mourad', 'Hamma Bouziane', 25)
     , (858, 0, '25.04.02', 'Hamma Bouziane', 'Hamma Bouziane', 25)
     , (859, 0, '25.06.01', 'Beni Hamidane', 'Zighoud Youcef', 25)
     , (860, 0, '25.06.02', 'Zighoud Youcef', 'Zighoud Youcef', 25)
     , (861, 0, '25.03.01', 'Ain Smara', 'El Khroub', 25)
     , (862, 0, '25.03.02', 'El Khroub', 'El Khroub', 25)
     , (863, 0, '25.03.03', 'Ouled Rahmoun', 'El Khroub', 25)
     , (864, 0, '25.01.01', 'Ain Abid', 'Ain Abid', 25)
     , (865, 0, '25.01.02', 'Ben Badis', 'Ain Abid', 25)
     , (866, 0, '25.05.01', 'Ibn Ziad', 'Ibn Ziad', 25)
     , (867, 0, '25.05.02', 'Messaoud Boudjeriou', 'Ibn Ziad', 25)
     , (868, 0, '25.02.01', 'Constantine', 'Constantine', 25)
     , (869, 0, '26.13.03', 'Ouled Hellal', 'Ouled Antar', 26)
     , (870, 0, '26.18.04', 'Souagui', 'Souaghi', 26)
     , (871, 0, '26.10.01', 'Ksar El Boukhari', 'Ksar El Boukhari', 26)
     , (872, 0, '26.10.02', 'M''fatha', 'Ksar El Boukhari', 26)
     , (873, 0, '26.10.03', 'Saneg', 'Ksar El Boukhari', 26)
     , (874, 0, '26.07.01', 'El Azizia', 'El Azizia', 26)
     , (875, 0, '26.07.02', 'Maghraoua', 'El Azizia', 26)
     , (876, 0, '26.07.03', 'Mihoub', 'El Azizia', 26)
     , (877, 0, '26.05.01', 'Bouaiche', 'Chahbounia', 26)
     , (878, 0, '26.05.02', 'Boughzoul', 'Chahbounia', 26)
     , (879, 0, '26.05.03', 'Chabounia', 'Chahbounia', 26)
     , (880, 0, '26.12.01', 'Hannacha', 'Ouamri', 26)
     , (881, 0, '26.12.02', 'Ouamri', 'Ouamri', 26)
     , (882, 0, '26.12.03', 'Oued Harbil', 'Ouamri', 26)
     , (883, 0, '26.03.01', 'Beni Slimane', 'Beni Slimane', 26)
     , (884, 0, '26.16.01', 'Bouaichoune', 'Si Mahdjoub', 26)
     , (885, 0, '26.16.02', 'Ouled Bouachra', 'Si Mahdjoub', 26)
     , (886, 0, '26.16.03', 'Si Mahdjoub', 'Si Mahdjoub', 26)
     , (887, 0, '26.03.02', 'Bouskene', 'Beni Slimane', 26)
     , (888, 0, '26.03.03', 'Sidi Rabie', 'Beni Slimane', 26)
     , (889, 0, '26.04.01', 'Berrouaghia', 'Berrouaghia', 26)
     , (890, 0, '26.04.02', 'Ouled Deid', 'Berrouaghia', 26)
     , (891, 0, '26.04.03', 'Rebaia', 'Berrouaghia', 26)
     , (892, 0, '26.15.01', 'Medjebar', 'Seghouane', 26)
     , (893, 0, '26.15.03', 'Tletat Ed Douair', 'Seghouane', 26)
     , (894, 0, '26.15.04', 'Zoubiria', 'Seghouane', 26)
     , (895, 0, '26.19.01', 'Aissaouia', 'Tablat', 26)
     , (896, 0, '26.19.02', 'El Haoudane', 'Tablat', 26)
     , (897, 0, '26.19.03', 'Mezerana', 'Tablat', 26)
     , (898, 0, '26.19.04', 'Tablat', 'Tablat', 26)
     , (899, 0, '26.13.01', 'Boghar', 'Ouled Antar', 26)
     , (900, 0, '26.15.02', 'Seghouane', 'Seghouane', 26)
     , (901, 0, '26.11.01', 'Draa Esmar', 'Medea', 26)
     , (902, 0, '26.11.02', 'Medea', 'Medea', 26)
     , (903, 0, '26.11.03', 'Tamesguida', 'Medea', 26)
     , (904, 0, '26.14.01', 'Ben Chicao', 'Ouzera', 26)
     , (905, 0, '26.14.02', 'El Hamdania', 'Ouzera', 26)
     , (906, 0, '26.14.03', 'Ouzera', 'Ouzera', 26)
     , (907, 0, '26.14.04', 'Tizi Mahdi', 'Ouzera', 26)
     , (908, 0, '26.01.01', 'Ain Boucif', 'Ain Boucif', 26)
     , (909, 0, '26.01.02', 'El Ouinet', 'Ain Boucif', 26)
     , (910, 0, '26.01.03', 'Kef Lakhdar', 'Ain Boucif', 26)
     , (911, 0, '26.01.04', 'Ouled Emaaraf', 'Ain Boucif', 26)
     , (912, 0, '26.01.05', 'Sidi Demed', 'Ain Boucif', 26)
     , (913, 0, '26.08.01', 'Baata', 'El Omaria', 26)
     , (914, 0, '26.08.02', 'El Omaria', 'El Omaria', 26)
     , (915, 0, '26.08.03', 'Ouled Brahim', 'El Omaria', 26)
     , (916, 0, '26.09.01', 'Bir Ben Laabed', 'Guelb El Kebir', 26)
     , (917, 0, '26.09.02', 'El Guelbelkebir', 'Guelb El Kebir', 26)
     , (918, 0, '26.09.03', 'Sedraya', 'Guelb El Kebir', 26)
     , (919, 0, '26.06.01', 'Ain Ouksir', 'Chellalat El Adhaoura', 26)
     , (920, 0, '26.06.02', 'Chelalet El Adhaoura', 'Chellalat El Adhaoura', 26)
     , (921, 0, '26.06.03', 'Cheniguel', 'Chellalat El Adhaoura', 26)
     , (922, 0, '26.06.04', 'Tafraout', 'Chellalat El Adhaoura', 26)
     , (923, 0, '26.17.01', 'Bouchrahil', 'Sidi Naamane', 26)
     , (924, 0, '26.17.02', 'Khams Djouamaa', 'Sidi Naamane', 26)
     , (925, 0, '26.17.03', 'Sidi Naamane', 'Sidi Naamane', 26)
     , (926, 0, '26.02.01', 'Aziz', 'Aziz', 26)
     , (927, 0, '26.02.02', 'Derrag', 'Aziz', 26)
     , (928, 0, '26.02.03', 'Oum El Djellil', 'Aziz', 26)
     , (929, 0, '26.18.01', 'Djouab', 'Souaghi', 26)
     , (930, 0, '26.18.02', 'Sidi Zahar', 'Souaghi', 26)
     , (931, 0, '26.18.03', 'Sidi Ziane', 'Souaghi', 26)
     , (932, 0, '26.13.02', 'Ouled Antar', 'Ouled Antar', 26)
     , (933, 0, '27.02.02', 'Fornaka', 'Ain Nouicy', 27)
     , (934, 0, '27.03.02', 'Oued El Kheir', 'Ain Tedeles', 27)
     , (935, 0, '27.02.03', 'Hassiane', 'Ain Nouicy', 27)
     , (936, 0, '27.05.01', 'Hassi Mameche', 'Hassi Mameche', 27)
     , (937, 0, '27.05.02', 'Mazagran', 'Hassi Mameche', 27)
     , (938, 0, '27.05.03', 'Stidia', 'Hassi Mameche', 27)
     , (939, 0, '27.03.01', 'Ain-Tedles', 'Ain Tedeles', 27)
     , (940, 0, '27.03.03', 'Sidi Belaattar', 'Ain Tedeles', 27)
     , (941, 0, '27.03.04', 'Sour', 'Ain Tedeles', 27)
     , (942, 0, '27.06.01', 'Ain-Boudinar', 'Kheir Eddine', 27)
     , (943, 0, '27.06.02', 'Kheir-Eddine', 'Kheir Eddine', 27)
     , (944, 0, '27.06.03', 'Sayada', 'Kheir Eddine', 27)
     , (945, 0, '27.09.02', 'Sidi Ali', 'Sidi Ali', 27)
     , (946, 0, '27.09.03', 'Tazgait', 'Sidi Ali', 27)
     , (947, 0, '27.10.01', 'Benabdelmalek Ramdane', 'Sidi Lakhdar', 27)
     , (948, 0, '27.08.01', 'Mostaganem', 'Mostaganem', 27)
     , (949, 0, '27.10.02', 'Hadjadj', 'Sidi Lakhdar', 27)
     , (950, 0, '27.10.03', 'Sidi-Lakhdar', 'Sidi Lakhdar', 27)
     , (951, 0, '27.01.01', 'Achaacha', 'Achaacha', 27)
     , (952, 0, '27.01.02', 'Khadra', 'Achaacha', 27)
     , (953, 0, '27.01.03', 'Nekmaria', 'Achaacha', 27)
     , (954, 0, '27.01.04', 'Ouled Boughalem', 'Achaacha', 27)
     , (955, 0, '27.04.01', 'Bouguirat', 'Bouguirat', 27)
     , (956, 0, '27.04.02', 'Safsaf', 'Bouguirat', 27)
     , (957, 0, '27.04.03', 'Sirat', 'Bouguirat', 27)
     , (958, 0, '27.04.04', 'Souaflia', 'Bouguirat', 27)
     , (959, 0, '27.07.01', 'Ain-Sidi Cherif', 'Mesra', 27)
     , (960, 0, '27.07.02', 'Mansourah', 'Mesra', 27)
     , (961, 0, '27.07.03', 'Mesra', 'Mesra', 27)
     , (962, 0, '27.07.04', 'Touahria', 'Mesra', 27)
     , (963, 0, '27.02.01', 'Ain-Nouissy', 'Ain Nouicy', 27)
     , (964, 0, '27.09.01', 'Ouled-Maalah', 'Sidi Ali', 27)
     , (965, 0, '28.05.01', 'Chellal', 'Chellal', 28)
     , (966, 0, '28.05.04', 'Ouled Madhi', 'Chellal', 28)
     , (967, 0, '28.05.02', 'Khettouti Sed-El-Jir', 'Chellal', 28)
     , (968, 0, '28.10.02', 'Belaiba', 'Magra', 28)
     , (969, 0, '28.10.03', 'Berhoum', 'Magra', 28)
     , (970, 0, '28.10.04', 'Dehahna', 'Magra', 28)
     , (971, 0, '28.10.05', 'Magra', 'Magra', 28)
     , (972, 0, '28.14.01', 'Beni Ilmane', 'Sidi Aissa', 28)
     , (973, 0, '28.14.02', 'Bouti Sayeh', 'Sidi Aissa', 28)
     , (974, 0, '28.14.03', 'Sidi Aissa', 'Sidi Aissa', 28)
     , (975, 0, '28.01.01', 'Ain El Hadjel', 'Ain El Hadjel', 28)
     , (976, 0, '28.01.02', 'Sidi Hadjeres', 'Ain El Hadjel', 28)
     , (977, 0, '28.04.01', 'Bou Saada', 'Bousaada', 28)
     , (978, 0, '28.04.02', 'El Hamel', 'Bousaada', 28)
     , (979, 0, '28.04.03', 'Oulteme', 'Bousaada', 28)
     , (980, 0, '28.13.01', 'Benzouh', 'Ouled Sidi Brahim', 28)
     , (981, 0, '28.13.02', 'Ouled Sidi Brahim', 'Ouled Sidi Brahim', 28)
     , (982, 0, '28.15.01', 'Sidi Ameur', 'Sidi Ameur', 28)
     , (983, 0, '28.15.02', 'Tamsa', 'Sidi Ameur', 28)
     , (984, 0, '28.03.01', 'Ben Srour', 'Ben Srour', 28)
     , (985, 0, '28.03.02', 'Mohamed Boudiaf', 'Ben Srour', 28)
     , (986, 0, '28.03.03', 'Ouled Slimane', 'Ben Srour', 28)
     , (987, 0, '28.03.04', 'Zarzour', 'Ben Srour', 28)
     , (988, 0, '28.02.01', 'Ain El Melh', 'Ain El Melh', 28)
     , (989, 0, '28.02.02', 'Ain Fares', 'Ain El Melh', 28)
     , (990, 0, '28.02.03', 'Ain Rich', 'Ain El Melh', 28)
     , (991, 0, '28.02.04', 'Bir Foda', 'Ain El Melh', 28)
     , (992, 0, '28.02.05', 'Sidi M''hamed', 'Ain El Melh', 28)
     , (993, 0, '28.11.01', 'Medjedel', 'Medjedel', 28)
     , (994, 0, '28.11.02', 'Menaa', 'Medjedel', 28)
     , (995, 0, '28.06.01', 'Djebel Messaad', 'Djebel Messaad', 28)
     , (996, 0, '28.06.02', 'Slim', 'Djebel Messaad', 28)
     , (997, 0, '28.09.01', 'M''sila', 'M''sila', 28)
     , (998, 0, '28.07.01', 'Hammam Dalaa', 'Hammam Dalaa', 28)
     , (999, 0, '28.07.02', 'Ouanougha', 'Hammam Dalaa', 28)
     , (1000, 0, '28.07.03', 'Ouled Mansour', 'Hammam Dalaa', 28)
     , (1001, 0, '28.07.04', 'Tarmount', 'Hammam Dalaa', 28)
     , (1002, 0, '28.12.02', 'Maadid', 'Ouled Derradj', 28)
     , (1003, 0, '28.12.01', 'M''tarfa', 'Ouled Derradj', 28)
     , (1004, 0, '28.05.03', 'Maarif', 'Chellal', 28)
     , (1005, 0, '28.12.04', 'Ouled Derradj', 'Ouled Derradj', 28)
     , (1006, 0, '28.12.05', 'Souamaa', 'Ouled Derradj', 28)
     , (1007, 0, '28.08.01', 'El Houamed', 'Khoubana', 28)
     , (1008, 0, '28.08.02', 'Khoubana', 'Khoubana', 28)
     , (1009, 0, '28.08.03', 'M''cif', 'Khoubana', 28)
     , (1010, 0, '28.10.01', 'Ain Khadra', 'Magra', 28)
     , (1011, 0, '28.12.03', 'Ouled Addi Guebala', 'Ouled Derradj', 28)
     , (1012, 0, '29.11.02', 'Oued El Abtal', 'Oued El Abtal', 29)
     , (1013, 0, '29.09.06', 'Sidi Abdelmoumene', 'Mohammadia', 29)
     , (1014, 0, '29.09.05', 'Sedjerara', 'Mohammadia', 29)
     , (1015, 0, '29.09.04', 'Mohammadia', 'Mohammadia', 29)
     , (1016, 0, '29.14.03', 'Tighennif', 'Tighennif', 29)
     , (1017, 0, '29.09.03', 'Mocta-Douz', 'Mohammadia', 29)
     , (1018, 0, '29.09.02', 'Ferraguig', 'Mohammadia', 29)
     , (1019, 0, '29.09.01', 'El Ghomri', 'Mohammadia', 29)
     , (1020, 0, '29.16.02', 'Zahana', 'Zahana', 29)
     , (1021, 0, '29.16.01', 'El Gaada', 'Zahana', 29)
     , (1022, 0, '29.10.03', 'Ras El Ain Amirouche', 'Oggaz', 29)
     , (1023, 0, '29.10.02', 'Oggaz', 'Oggaz', 29)
     , (1024, 0, '29.10.01', 'Alaimia', 'Oggaz', 29)
     , (1025, 0, '29.13.03', 'Sig', 'Sig', 29)
     , (1026, 0, '29.13.02', 'Chorfa', 'Sig', 29)
     , (1027, 0, '29.13.01', 'Bou Henni', 'Sig', 29)
     , (1028, 0, '29.01.02', 'El Mamounia', 'Ain Fares', 29)
     , (1029, 0, '29.04.02', 'El Gueitena', 'Bouhanifia', 29)
     , (1030, 0, '29.01.01', 'Ain Fares', 'Ain Fares', 29)
     , (1031, 0, '29.03.03', 'Gharrous', 'Aouf', 29)
     , (1032, 0, '29.03.02', 'Benian', 'Aouf', 29)
     , (1033, 0, '29.03.01', 'Aouf', 'Aouf', 29)
     , (1034, 0, '29.12.01', 'Guerdjoum', 'Oued Taria', 29)
     , (1035, 0, '29.02.02', 'Ain Frass', 'Ain Fekan', 29)
     , (1036, 0, '29.02.01', 'Ain Fekan', 'Ain Fekan', 29)
     , (1037, 0, '29.05.03', 'Khalouia', 'El Bordj', 29)
     , (1038, 0, '29.05.02', 'El Menaouer', 'El Bordj', 29)
     , (1039, 0, '29.05.01', 'El Bordj', 'El Bordj', 29)
     , (1040, 0, '29.06.05', 'Sidi Boussaid', 'Ghriss', 29)
     , (1041, 0, '29.06.04', 'Matemore', 'Ghriss', 29)
     , (1042, 0, '29.14.02', 'Sidi Kada', 'Tighennif', 29)
     , (1043, 0, '29.06.02', 'Makhda', 'Ghriss', 29)
     , (1044, 0, '29.08.01', 'Mascara', 'Mascara', 29)
     , (1045, 0, '29.04.01', 'Bouhanifia', 'Bouhanifia', 29)
     , (1046, 0, '29.06.01', 'Ghriss', 'Ghriss', 29)
     , (1047, 0, '29.04.03', 'Hacine', 'Bouhanifia', 29)
     , (1048, 0, '29.15.01', 'El Keurt', 'Tizi', 29)
     , (1049, 0, '29.15.02', 'Froha', 'Tizi', 29)
     , (1050, 0, '29.15.03', 'Tizi', 'Tizi', 29)
     , (1051, 0, '29.14.01', 'Sehailia', 'Tighennif', 29)
     , (1052, 0, '29.06.03', 'Maoussa', 'Ghriss', 29)
     , (1053, 0, '29.11.03', 'Sidi Abdeldjebar', 'Oued El Abtal', 29)
     , (1054, 0, '29.07.01', 'El Hachem', 'Hachem', 29)
     , (1055, 0, '29.07.02', 'Nesmot', 'Hachem', 29)
     , (1056, 0, '29.07.03', 'Zelamta', 'Hachem', 29)
     , (1057, 0, '29.11.01', 'Ain Ferah', 'Oued El Abtal', 29)
     , (1058, 0, '29.12.02', 'Oued Taria', 'Oued Taria', 29)
     , (1059, 0, '30.04.01', 'Ouargla', 'Ouargla', 30)
     , (1060, 0, '30.02.01', 'Hassi Messaoud', 'Hassi Messaoud', 30)
     , (1061, 0, '30.05.01', 'Ain Beida', 'Sidi Khouiled', 30)
     , (1062, 0, '30.05.02', 'Hassi Ben Abdellah', 'Sidi Khouiled', 30)
     , (1063, 0, '30.05.03', 'Sidi Khouiled', 'Sidi Khouiled', 30)
     , (1064, 0, '30.01.01', 'El Borma', 'El Borma', 30)
     , (1065, 0, '30.04.02', 'Rouissat', 'Ouargla', 30)
     , (1066, 0, '30.03.01', 'N''goussa', 'N''goussa', 30)
     , (1067, 0, '31.06.03', 'Sidi Chami', 'Es Senia', 31)
     , (1068, 0, '31.07.03', 'Hassi Mefsoukh', 'Gdyel', 31)
     , (1069, 0, '31.04.01', 'Bir El Djir', 'Bir El Djir', 31)
     , (1070, 0, '31.04.02', 'Hassi Ben Okba', 'Bir El Djir', 31)
     , (1071, 0, '31.07.02', 'Gdyel', 'Gdyel', 31)
     , (1072, 0, '31.04.03', 'Hassi Bounif', 'Bir El Djir', 31)
     , (1073, 0, '31.06.01', 'El Kerma', 'Es Senia', 31)
     , (1074, 0, '31.06.02', 'Es Senia', 'Es Senia', 31)
     , (1075, 0, '31.07.01', 'Ben Freha', 'Gdyel', 31)
     , (1076, 0, '31.02.01', 'Arzew', 'Arzew', 31)
     , (1077, 0, '31.02.02', 'Sidi Ben Yebka', 'Arzew', 31)
     , (1078, 0, '31.03.01', 'Ain Biya', 'Bethioua', 31)
     , (1079, 0, '31.03.02', 'Bethioua', 'Bethioua', 31)
     , (1080, 0, '31.03.03', 'Marsat El Hadjadj', 'Bethioua', 31)
     , (1081, 0, '31.01.01', 'Ain Turk', 'Ain Turk', 31)
     , (1083, 0, '31.01.03', 'El Ancor', 'Ain Turk', 31)
     , (1084, 0, '31.01.04', 'Mers El Kebir', 'Ain Turk', 31)
     , (1085, 0, '31.09.01', 'Boufatis', 'Oued Tlelat', 31)
     , (1086, 0, '31.09.02', 'El Braya', 'Oued Tlelat', 31)
     , (1087, 0, '31.09.03', 'Oued Tlelat', 'Oued Tlelat', 31)
     , (1088, 0, '31.05.01', 'Ain Kerma', 'Boutlelis', 31)
     , (1089, 0, '31.05.02', 'Boutlelis', 'Boutlelis', 31)
     , (1090, 0, '31.05.03', 'Messerghin', 'Boutlelis', 31)
     , (1091, 0, '31.01.02', 'Bousfer', 'Ain Turk', 31)
     , (1092, 0, '31.09.04', 'Tafraoui', 'Oued Tlelat', 31)
     , (1093, 0, '32.07.01', 'Ain El Orak', 'Labiodh Sidi Cheikh', 32)
     , (1094, 0, '32.04.03', 'Krakda', 'Brezina', 32)
     , (1095, 0, '32.01.03', 'Sidi Slimane', 'Boualem', 32)
     , (1096, 0, '32.01.02', 'Sidi Ameur', 'Boualem', 32)
     , (1097, 0, '32.01.01', 'Boualem', 'Boualem', 32)
     , (1098, 0, '32.07.03', 'El Bnoud', 'Labiodh Sidi Cheikh', 32)
     , (1099, 0, '32.02.01', 'Bougtoub', 'Bougtoub', 32)
     , (1100, 0, '32.02.02', 'El Kheiter', 'Bougtoub', 32)
     , (1101, 0, '32.02.03', 'Tousmouline', 'Bougtoub', 32)
     , (1102, 0, '32.01.04', 'Sidi Tiffour', 'Boualem', 32)
     , (1103, 0, '32.01.05', 'Stitten', 'Boualem', 32)
     , (1104, 0, '32.06.01', 'El Bayadh', 'El Bayadh', 32)
     , (1105, 0, '32.08.03', 'Rogassa', 'Rogassa', 32)
     , (1106, 0, '32.05.02', 'El Mehara', 'Chellala', 32)
     , (1107, 0, '32.08.02', 'Kef El Ahmar', 'Rogassa', 32)
     , (1108, 0, '32.04.01', 'Brezina', 'Brezina', 32)
     , (1109, 0, '32.04.02', 'Ghassoul', 'Brezina', 32)
     , (1110, 0, '32.07.04', 'Labiodh Sidi Cheikh', 'Labiodh Sidi Cheikh', 32)
     , (1111, 0, '32.03.01', 'Boussemghoun', 'Boussemghoun', 32)
     , (1112, 0, '32.08.01', 'Cheguig', 'Rogassa', 32)
     , (1113, 0, '32.05.01', 'Chellala', 'Chellala', 32)
     , (1114, 0, '32.07.02', 'Arbaouat', 'Labiodh Sidi Cheikh', 32)
     , (1115, 0, '33.02.01', 'Bordj Omar Driss', 'In Amenas', 33)
     , (1116, 0, '33.02.02', 'Debdeb', 'In Amenas', 33)
     , (1117, 0, '33.02.03', 'In Amenas', 'In Amenas', 33)
     , (1118, 0, '33.01.01', 'Illizi', 'Illizi', 33)
     , (1119, 0, '34.07.02', 'Elhammadia', 'El Hamadia', 34)
     , (1120, 0, '34.08.05', 'Ouled Sidi-Brahim', 'Mansourah', 34)
     , (1121, 0, '34.01.01', 'Ain Taghrout', 'Ain Taghrout', 34)
     , (1122, 0, '34.01.02', 'Tixter', 'Ain Taghrout', 34)
     , (1123, 0, '34.04.01', 'Belimour', 'Bordj Ghedir', 34)
     , (1124, 0, '34.04.03', 'El Annasseur', 'Bordj Ghedir', 34)
     , (1125, 0, '34.04.04', 'Ghailasa', 'Bordj Ghedir', 34)
     , (1126, 0, '34.04.05', 'Taglait', 'Bordj Ghedir', 34)
     , (1127, 0, '34.04.02', 'Bordj Ghedir', 'Bordj Ghedir', 34)
     , (1128, 0, '34.07.01', 'El Euch', 'El Hamadia', 34)
     , (1129, 0, '34.02.03', 'Sidi-Embarek', 'Bir Kasdali', 34)
     , (1130, 0, '34.02.02', 'Khelil', 'Bir Kasdali', 34)
     , (1131, 0, '34.02.01', 'Bir Kasdali', 'Bir Kasdali', 34)
     , (1132, 0, '34.06.04', 'Tefreg', 'Djaafra', 34)
     , (1133, 0, '34.06.03', 'El Main', 'Djaafra', 34)
     , (1134, 0, '34.06.02', 'Djaafra', 'Djaafra', 34)
     , (1135, 0, '34.06.01', 'Colla', 'Djaafra', 34)
     , (1136, 0, '34.09.04', 'Teniet En Nasr', 'Medjana', 34)
     , (1137, 0, '34.08.02', 'El M''hir', 'Mansourah', 34)
     , (1138, 0, '34.07.03', 'Ksour', 'El Hamadia', 34)
     , (1139, 0, '34.08.04', 'Mansoura', 'Mansourah', 34)
     , (1140, 0, '34.08.03', 'Haraza', 'Mansourah', 34)
     , (1141, 0, '34.07.04', 'Rabta', 'El Hamadia', 34)
     , (1142, 0, '34.09.01', 'El Achir', 'Medjana', 34)
     , (1143, 0, '34.09.02', 'Hasnaoua', 'Medjana', 34)
     , (1144, 0, '34.09.03', 'Medjana', 'Medjana', 34)
     , (1145, 0, '34.10.01', 'Ain Tesra', 'Ras El Oued', 34)
     , (1146, 0, '34.10.02', 'Ouled Brahem', 'Ras El Oued', 34)
     , (1147, 0, '34.10.03', 'Ras El Oued', 'Ras El Oued', 34)
     , (1148, 0, '34.05.01', 'Bordj Zemmoura', 'Bordj Zemmoura', 34)
     , (1149, 0, '34.05.02', 'Ouled Dahmane', 'Bordj Zemmoura', 34)
     , (1150, 0, '34.05.03', 'Tassamert', 'Bordj Zemmoura', 34)
     , (1151, 0, '34.03.01', 'B. B. Arreridj', 'Bordj Bou Arreridj', 34)
     , (1152, 0, '34.08.01', 'Ben Daoud', 'Mansourah', 34)
     , (1153, 0, '35.03.04', 'El Kharrouba', 'Boudouaou', 35)
     , (1154, 0, '35.05.03', 'Dellys', 'Dellys', 35)
     , (1155, 0, '35.05.02', 'Ben Choud', 'Dellys', 35)
     , (1156, 0, '35.05.01', 'Afir', 'Dellys', 35)
     , (1157, 0, '35.09.04', 'Thenia', 'Thenia', 35)
     , (1158, 0, '35.09.02', 'Beni Amrane', 'Thenia', 35)
     , (1159, 0, '35.07.02', 'Khemis El Khechna', 'Khemis El Khechna', 35)
     , (1160, 0, '35.09.01', 'Ammal', 'Thenia', 35)
     , (1161, 0, '35.06.04', 'Timezrit', 'Isser', 35)
     , (1162, 0, '35.02.04', 'Zemmouri', 'Bordj Menaiel', 35)
     , (1163, 0, '35.07.03', 'Larbatache', 'Khemis El Khechna', 35)
     , (1164, 0, '35.06.02', 'Isser', 'Isser', 35)
     , (1165, 0, '35.06.01', 'Chabet El Ameur', 'Isser', 35)
     , (1166, 0, '35.08.02', 'Ouled Aissa', 'Naciria', 35)
     , (1167, 0, '35.08.01', 'Naciria', 'Naciria', 35)
     , (1168, 0, '35.03.03', 'Bouzegza Keddara', 'Boudouaou', 35)
     , (1169, 0, '35.09.03', 'Souk El Had', 'Thenia', 35)
     , (1170, 0, '35.01.02', 'Sidi Daoud', 'Baghlia', 35)
     , (1171, 0, '35.01.01', 'Baghlia', 'Baghlia', 35)
     , (1172, 0, '35.02.03', 'Leghata', 'Bordj Menaiel', 35)
     , (1173, 0, '35.02.02', 'Djinet', 'Bordj Menaiel', 35)
     , (1174, 0, '35.04.03', 'Tidjelabine', 'Boumerdes', 35)
     , (1175, 0, '35.06.03', 'Si Mustapha', 'Isser', 35)
     , (1176, 0, '35.03.05', 'Ouled Hedadj', 'Boudouaou', 35)
     , (1177, 0, '35.07.04', 'Ouled Moussa', 'Khemis El Khechna', 35)
     , (1178, 0, '35.04.01', 'Boumerdes', 'Boumerdes', 35)
     , (1179, 0, '35.04.02', 'Corso', 'Boumerdes', 35)
     , (1180, 0, '35.02.01', 'Bordj Menaiel', 'Bordj Menaiel', 35)
     , (1181, 0, '35.03.01', 'Boudouaou', 'Boudouaou', 35)
     , (1182, 0, '35.03.02', 'Boudouaou El Bahri', 'Boudouaou', 35)
     , (1183, 0, '35.01.03', 'Taourga', 'Baghlia', 35)
     , (1184, 0, '35.07.01', 'Hammedi', 'Khemis El Khechna', 35)
     , (1185, 0, '36.07.01', 'Ain El Assel', 'El Tarf', 36)
     , (1186, 0, '36.07.02', 'Bougous', 'El Tarf', 36)
     , (1187, 0, '36.07.03', 'El Tarf', 'El Tarf', 36)
     , (1188, 0, '36.07.04', 'Zitouna', 'El Tarf', 36)
     , (1189, 0, '36.02.02', 'Besbes', 'Besbes', 36)
     , (1190, 0, '36.03.01', 'Ain Kerma', 'Bouhadjar', 36)
     , (1191, 0, '36.03.02', 'Bouhadjar', 'Bouhadjar', 36)
     , (1192, 0, '36.03.03', 'Hammam Beni Salah', 'Bouhadjar', 36)
     , (1193, 0, '36.03.04', 'Oued Zitoun', 'Bouhadjar', 36)
     , (1194, 0, '36.01.01', 'Ben M Hidi', 'Ben M''hidi', 36)
     , (1195, 0, '36.01.02', 'Berrihane', 'Ben M''hidi', 36)
     , (1196, 0, '36.05.01', 'Chebaita Mokhtar', 'Drean', 36)
     , (1197, 0, '36.01.03', 'Echatt', 'Ben M''hidi', 36)
     , (1198, 0, '36.06.01', 'El Aioun', 'El Kala', 36)
     , (1199, 0, '36.06.02', 'El Kala', 'El Kala', 36)
     , (1200, 0, '36.06.04', 'Souarekh', 'El Kala', 36)
     , (1201, 0, '36.02.03', 'Zerizer', 'Besbes', 36)
     , (1202, 0, '36.04.01', 'Bouteldja', 'Bouteldja', 36)
     , (1203, 0, '36.04.02', 'Chefia', 'Bouteldja', 36)
     , (1204, 0, '36.04.03', 'Lac Des Oiseaux', 'Bouteldja', 36)
     , (1205, 0, '36.05.02', 'Chihani', 'Drean', 36)
     , (1206, 0, '36.06.03', 'Raml Souk', 'El Kala', 36)
     , (1207, 0, '36.02.01', 'Asfour', 'Besbes', 36)
     , (1208, 0, '36.05.03', 'Drean', 'Drean', 36)
     , (1209, 0, '37.01.02', 'Tindouf', 'Tindouf', 37)
     , (1210, 0, '37.01.01', 'Oum El Assel', 'Tindouf', 37)
     , (1211, 0, '38.04.01', 'Khemisti', 'Khemisti', 38)
     , (1212, 0, '38.07.02', 'Theniet El Had', 'Theniet El Had', 38)
     , (1213, 0, '38.08.01', 'Ouled Bessam', 'Tissemsilt', 38)
     , (1214, 0, '38.07.01', 'Sidi Boutouchent', 'Theniet El Had', 38)
     , (1215, 0, '38.08.02', 'Tissemsilt', 'Tissemsilt', 38)
     , (1216, 0, '38.05.03', 'Sidi Lantri', 'Lardjem', 38)
     , (1217, 0, '38.02.01', 'Beni Chaib', 'Bordj Bounaama', 38)
     , (1218, 0, '38.02.02', 'Beni Lahcene', 'Bordj Bounaama', 38)
     , (1219, 0, '38.01.03', 'Sidi Abed', 'Ammari', 38)
     , (1220, 0, '38.02.04', 'Sidi Slimane', 'Bordj Bounaama', 38)
     , (1221, 0, '38.06.01', 'Boucaid', 'Lazharia', 38)
     , (1222, 0, '38.06.02', 'Larbaa', 'Lazharia', 38)
     , (1223, 0, '38.06.03', 'Lazharia', 'Lazharia', 38)
     , (1224, 0, '38.05.01', 'Lardjem', 'Lardjem', 38)
     , (1225, 0, '38.05.02', 'Melaab', 'Lardjem', 38)
     , (1226, 0, '38.04.02', 'Layoune', 'Khemisti', 38)
     , (1227, 0, '38.05.04', 'Tamellahet', 'Lardjem', 38)
     , (1228, 0, '38.03.02', 'Youssoufia', 'Bordj Emir Abdelkader', 38)
     , (1229, 0, '38.03.01', 'Bordj El Emir Abdelkader', 'Bordj Emir Abdelkader', 38)
     , (1230, 0, '38.01.01', 'Ammari', 'Ammari', 38)
     , (1231, 0, '38.01.02', 'Maacem', 'Ammari', 38)
     , (1232, 0, '38.02.03', 'Bordj Bounaama', 'Bordj Bounaama', 38)
     , (1233, 0, '39.10.02', 'Douar El Maa', 'Taleb Larbi', 39)
     , (1234, 0, '39.09.01', 'El Ogla', 'Robbah', 39)
     , (1235, 0, '39.06.01', 'Magrane', 'Magrane', 39)
     , (1236, 0, '39.06.02', 'Sidi Aoun', 'Magrane', 39)
     , (1237, 0, '39.07.01', 'Mih Ouansa', 'Mih Ouensa', 39)
     , (1238, 0, '39.03.02', 'Kouinine', 'El Oued', 39)
     , (1239, 0, '39.01.01', 'Bayadha', 'Bayadha', 39)
     , (1240, 0, '39.09.02', 'Nakhla', 'Robbah', 39)
     , (1241, 0, '39.09.03', 'Robbah', 'Robbah', 39)
     , (1242, 0, '39.04.01', 'Guemar', 'Guemar', 39)
     , (1243, 0, '39.10.01', 'Ben Guecha', 'Taleb Larbi', 39)
     , (1244, 0, '39.04.02', 'Ourmes', 'Guemar', 39)
     , (1245, 0, '39.04.03', 'Taghzout', 'Guemar', 39)
     , (1246, 0, '39.08.01', 'Hamraia', 'Reguiba', 39)
     , (1247, 0, '39.08.02', 'Reguiba', 'Reguiba', 39)
     , (1248, 0, '39.02.01', 'Debila', 'Debila', 39)
     , (1249, 0, '39.02.02', 'Hassani Abdelkrim', 'Debila', 39)
     , (1250, 0, '39.05.01', 'Hassi Khalifa', 'Hassi Khalifa', 39)
     , (1251, 0, '39.05.02', 'Trifaoui', 'Hassi Khalifa', 39)
     , (1252, 0, '39.10.03', 'Taleb Larbi', 'Taleb Larbi', 39)
     , (1253, 0, '39.07.02', 'Oued El Alenda', 'Mih Ouensa', 39)
     , (1254, 0, '39.03.01', 'El-Oued', 'El Oued', 39)
     , (1255, 0, '40.04.04', 'Khirane', 'Chechar', 40)
     , (1256, 0, '40.02.01', 'Babar', 'Babar', 40)
     , (1257, 0, '40.08.01', 'El Mahmal', 'Ouled Rechache', 40)
     , (1258, 0, '40.08.02', 'Ouled Rechache', 'Ouled Rechache', 40)
     , (1259, 0, '40.04.02', 'Djellal', 'Chechar', 40)
     , (1260, 0, '40.03.04', 'Yabous', 'Bouhmama', 40)
     , (1261, 0, '40.07.01', 'Khenchela', 'Khenchela', 40)
     , (1262, 0, '40.06.01', 'Kais', 'Kais', 40)
     , (1263, 0, '40.03.02', 'Chelia', 'Bouhmama', 40)
     , (1264, 0, '40.06.02', 'Remila', 'Kais', 40)
     , (1265, 0, '40.06.03', 'Taouzianat', 'Kais', 40)
     , (1266, 0, '40.05.01', 'Baghai', 'El Hamma', 40)
     , (1267, 0, '40.05.02', 'El Hamma', 'El Hamma', 40)
     , (1268, 0, '40.05.03', 'Ensigha', 'El Hamma', 40)
     , (1269, 0, '40.05.04', 'Tamza', 'El Hamma', 40)
     , (1270, 0, '40.01.01', 'Ain Touila', 'Ain Touila', 40)
     , (1271, 0, '40.01.02', 'M''toussa', 'Ain Touila', 40)
     , (1272, 0, '40.03.01', 'Bouhmama', 'Bouhmama', 40)
     , (1273, 0, '40.04.03', 'El Oueldja', 'Chechar', 40)
     , (1274, 0, '40.03.03', 'M''sara', 'Bouhmama', 40)
     , (1275, 0, '40.04.01', 'Chechar', 'Chechar', 40)
     , (1276, 0, '41.09.01', 'Souk Ahras', 'Souk Ahras', 41)
     , (1277, 0, '41.08.01', 'Ain Soltane', 'Sedrata', 41)
     , (1278, 0, '41.08.03', 'Sedrata', 'Sedrata', 41)
     , (1279, 0, '41.04.01', 'Hanencha', 'Mechroha', 41)
     , (1280, 0, '41.04.02', 'Machroha', 'Mechroha', 41)
     , (1281, 0, '41.06.01', 'Ain Zana', 'Ouled Driss', 41)
     , (1282, 0, '41.06.02', 'Ouled Driss', 'Ouled Driss', 41)
     , (1283, 0, '41.07.03', 'Terraguelt', 'Oum El Adhaim', 41)
     , (1284, 0, '41.07.02', 'Oum El Adhaim', 'Oum El Adhaim', 41)
     , (1285, 0, '41.07.01', 'Oued Kebrit', 'Oum El Adhaim', 41)
     , (1286, 0, '41.03.03', 'Tiffech', 'M''daourouche', 41)
     , (1287, 0, '41.03.02', 'Ragouba', 'M''daourouche', 41)
     , (1288, 0, '41.10.01', 'Drea', 'Taoura', 41)
     , (1289, 0, '41.10.02', 'Taoura', 'Taoura', 41)
     , (1290, 0, '41.10.03', 'Zaarouria', 'Taoura', 41)
     , (1291, 0, '41.02.01', 'Haddada', 'Haddada', 41)
     , (1292, 0, '41.02.02', 'Khedara', 'Haddada', 41)
     , (1293, 0, '41.02.03', 'Ouled Moumen', 'Haddada', 41)
     , (1294, 0, '41.05.01', 'Merahna', 'Merahna', 41)
     , (1295, 0, '41.05.02', 'Ouillen', 'Merahna', 41)
     , (1296, 0, '41.05.03', 'Sidi Fredj', 'Merahna', 41)
     , (1297, 0, '41.01.01', 'Bir Bouhouche', 'Bir Bouhouche', 41)
     , (1298, 0, '41.01.02', 'Safel El Ouiden', 'Bir Bouhouche', 41)
     , (1299, 0, '41.08.02', 'Khemissa', 'Sedrata', 41)
     , (1300, 0, '41.03.01', 'M''daourouche', 'M''daourouche', 41)
     , (1301, 0, '41.01.03', 'Zouabi', 'Bir Bouhouche', 41)
     , (1302, 0, '42.07.01', 'Hadjout', 'Hadjout', 42)
     , (1303, 0, '42.07.02', 'Merad', 'Hadjout', 42)
     , (1304, 0, '42.09.01', 'Menaceur', 'Sidi Amar', 42)
     , (1305, 0, '42.06.01', 'Aghbal', 'Gouraya', 42)
     , (1306, 0, '42.09.02', 'Nador', 'Sidi Amar', 42)
     , (1307, 0, '42.09.03', 'Sidi-Amar', 'Sidi Amar', 42)
     , (1308, 0, '42.06.02', 'Gouraya', 'Gouraya', 42)
     , (1309, 0, '42.06.03', 'Messelmoun', 'Gouraya', 42)
     , (1310, 0, '42.03.01', 'Cherchell', 'Cherchell', 42)
     , (1311, 0, '42.03.02', 'Hadjret Ennous', 'Cherchell', 42)
     , (1312, 0, '42.03.03', 'Sidi Ghiles', 'Cherchell', 42)
     , (1313, 0, '42.04.02', 'Damous', 'Damous', 42)
     , (1314, 0, '42.04.03', 'Larhat', 'Damous', 42)
     , (1315, 0, '42.05.02', 'Fouka', 'Fouka', 42)
     , (1316, 0, '42.02.01', 'Ain Tagourait', 'Bou Ismail', 42)
     , (1317, 0, '42.02.02', 'Bou Haroun', 'Bou Ismail', 42)
     , (1318, 0, '42.02.03', 'Bou Ismail', 'Bou Ismail', 42)
     , (1319, 0, '42.02.04', 'Khemisti', 'Bou Ismail', 42)
     , (1320, 0, '42.01.01', 'Ahmer El Ain', 'Ahmar El Ain', 42)
     , (1321, 0, '42.01.02', 'Bourkika', 'Ahmar El Ain', 42)
     , (1322, 0, '42.05.01', 'Douaouda', 'Fouka', 42)
     , (1323, 0, '42.01.03', 'Sidi Rached', 'Ahmar El Ain', 42)
     , (1324, 0, '42.08.01', 'Attatba', 'Kolea', 42)
     , (1325, 0, '42.08.02', 'Chaiba', 'Kolea', 42)
     , (1326, 0, '42.08.03', 'Kolea', 'Kolea', 42)
     , (1327, 0, '42.03.04', 'Sidi Semiane', 'Cherchell', 42)
     , (1328, 0, '42.10.01', 'Tipaza', 'Tipaza', 42)
     , (1329, 0, '42.04.01', 'Beni Mileuk', 'Damous', 42)
     , (1330, 0, '43.12.01', 'El Mechira', 'Teleghma', 43)
     , (1331, 0, '43.01.02', 'El Ayadi Barbes', 'Ain Beida Harriche', 43)
     , (1332, 0, '43.01.01', 'Ain Beida Harriche', 'Ain Beida Harriche', 43)
     , (1333, 0, '43.13.02', 'Tassala Lematai', 'Terrai Bainen', 43)
     , (1334, 0, '43.13.03', 'Terrai Bainen', 'Terrai Bainen', 43)
     , (1335, 0, '43.13.01', 'Amira Arres', 'Terrai Bainen', 43)
     , (1336, 0, '43.11.02', 'Tassadane Haddada', 'Tassadane Haddada', 43)
     , (1337, 0, '43.11.01', 'Minar Zarza', 'Tassadane Haddada', 43)
     , (1338, 0, '43.09.02', 'Sidi Merouane', 'Sidi Merouane', 43)
     , (1339, 0, '43.09.01', 'Chigara', 'Sidi Merouane', 43)
     , (1340, 0, '43.05.02', 'Hamala', 'Grarem Gouga', 43)
     , (1341, 0, '43.05.01', 'Grarem Gouga', 'Grarem Gouga', 43)
     , (1342, 0, '43.08.02', 'Tiberguent', 'Rouached', 43)
     , (1343, 0, '43.08.01', 'Rouached', 'Rouached', 43)
     , (1344, 0, '43.02.02', 'Derrahi Bousselah', 'Bouhatem', 43)
     , (1345, 0, '43.07.03', 'Zeghaia', 'Oued Endja', 43)
     , (1346, 0, '43.07.02', 'Oued Endja', 'Oued Endja', 43)
     , (1347, 0, '43.07.01', 'Ahmed Rachedi', 'Oued Endja', 43)
     , (1348, 0, '43.10.03', 'Tadjenanet', 'Tadjenanet', 43)
     , (1349, 0, '43.03.01', 'Ain Mellouk', 'Chelghoum Laid', 43)
     , (1350, 0, '43.10.02', 'Ouled Khalouf', 'Tadjenanet', 43)
     , (1351, 0, '43.10.01', 'Benyahia Abderrahmane', 'Tadjenanet', 43)
     , (1352, 0, '43.12.03', 'Teleghma', 'Teleghma', 43)
     , (1353, 0, '43.12.02', 'Oued Seguen', 'Teleghma', 43)
     , (1354, 0, '43.03.03', 'Oued Athmenia', 'Chelghoum Laid', 43)
     , (1355, 0, '43.06.01', 'Ain Tine', 'Mila', 43)
     , (1356, 0, '43.03.02', 'Chelghoum Laid', 'Chelghoum Laid', 43)
     , (1357, 0, '43.04.02', 'Yahia Beniguecha', 'Ferdjioua', 43)
     , (1358, 0, '43.04.01', 'Ferdjioua', 'Ferdjioua', 43)
     , (1359, 0, '43.06.03', 'Sidi Khelifa', 'Mila', 43)
     , (1360, 0, '43.06.02', 'Mila', 'Mila', 43)
     , (1361, 0, '43.02.01', 'Bouhatem', 'Bouhatem', 43)
     , (1362, 0, '44.12.01', 'Khemis-Miliana', 'Khemis', 44)
     , (1363, 0, '44.12.02', 'Sidi-Lakhdar', 'Khemis', 44)
     , (1364, 0, '44.11.01', 'Ain-Benian', 'Hammam Righa', 44)
     , (1365, 0, '44.11.02', 'Ain-Torki', 'Hammam Righa', 44)
     , (1366, 0, '44.11.03', 'Hammam-Righa', 'Hammam Righa', 44)
     , (1367, 0, '44.06.01', 'Bourached', 'Djelida', 44)
     , (1368, 0, '44.05.02', 'Hoceinia', 'Boumedfaa', 44)
     , (1369, 0, '44.06.02', 'Djelida', 'Djelida', 44)
     , (1370, 0, '44.09.01', 'Arib', 'El Amra', 44)
     , (1371, 0, '44.06.03', 'Djemaa Ouled Cheikh', 'Djelida', 44)
     , (1372, 0, '44.09.02', 'El-Amra', 'El Amra', 44)
     , (1373, 0, '44.10.01', 'El-Attaf', 'El Attaf', 44)
     , (1374, 0, '44.10.02', 'Tiberkanine', 'El Attaf', 44)
     , (1375, 0, '44.08.01', 'Ain-Bouyahia', 'El Abadia', 44)
     , (1376, 0, '44.08.02', 'El-Abadia', 'El Abadia', 44)
     , (1377, 0, '44.08.03', 'Tacheta Zegagha', 'El Abadia', 44)
     , (1378, 0, '44.07.01', 'Birbouche', 'Djendel', 44)
     , (1379, 0, '44.07.02', 'Djendel', 'Djendel', 44)
     , (1380, 0, '44.13.01', 'Ben Allal', 'Miliana', 44)
     , (1381, 0, '44.07.03', 'Oued Chorfa', 'Djendel', 44)
     , (1382, 0, '44.05.01', 'Boumedfaa', 'Boumedfaa', 44)
     , (1383, 0, '44.02.01', 'Ain-Lechiakh', 'Ain Lechiakh', 44)
     , (1384, 0, '44.02.02', 'Ain-Soltane', 'Ain Lechiakh', 44)
     , (1385, 0, '44.02.03', 'Oued Djemaa', 'Ain Lechiakh', 44)
     , (1386, 0, '44.14.01', 'El-Maine', 'Rouina', 44)
     , (1387, 0, '44.14.02', 'Rouina', 'Rouina', 44)
     , (1388, 0, '44.14.03', 'Zeddine', 'Rouina', 44)
     , (1389, 0, '44.04.01', 'Bir-Ould-Khelifa', 'Bordj El Emir Khaled', 44)
     , (1390, 0, '44.04.02', 'Bordj-Emir-Khaled', 'Bordj El Emir Khaled', 44)
     , (1391, 0, '44.04.03', 'Tarik-Ibn-Ziad', 'Bordj El Emir Khaled', 44)
     , (1392, 0, '44.03.01', 'Bathia', 'Bathia', 44)
     , (1393, 0, '44.03.02', 'Belaas', 'Bathia', 44)
     , (1394, 0, '44.03.03', 'Hassania', 'Bathia', 44)
     , (1395, 0, '44.01.01', 'Ain-Defla', 'Ain Defla', 44)
     , (1396, 0, '44.13.02', 'Miliana', 'Miliana', 44)
     , (1397, 0, '44.09.03', 'Mekhatria', 'El Amra', 44)
     , (1398, 0, '45.01.02', 'Tiout', 'Ain Sefra', 45)
     , (1399, 0, '45.05.02', 'Moghrar', 'Moghrar', 45)
     , (1400, 0, '45.02.01', 'Asla', 'Asla', 45)
     , (1401, 0, '45.04.01', 'Kasdir', 'Mekmen Ben Amar', 45)
     , (1402, 0, '45.04.02', 'Makmen Ben Amar', 'Mekmen Ben Amar', 45)
     , (1403, 0, '45.01.01', 'Ain Sefra', 'Ain Sefra', 45)
     , (1404, 0, '45.03.03', 'Mecheria', 'Mecheria', 45)
     , (1405, 0, '45.03.02', 'El Biodh', 'Mecheria', 45)
     , (1406, 0, '45.03.01', 'Ain Ben Khelil', 'Mecheria', 45)
     , (1407, 0, '45.06.01', 'Naama', 'Naama', 45)
     , (1408, 0, '45.05.01', 'Djenienne Bourezg', 'Moghrar', 45)
     , (1409, 0, '45.07.01', 'Sfissifa', 'Sfissifa', 45)
     , (1410, 0, '46.02.03', 'Sidi Boumediene', 'Ain Larbaa', 46)
     , (1411, 0, '46.02.04', 'Tamzoura', 'Ain Larbaa', 46)
     , (1412, 0, '46.06.01', 'Chaabat El Ham', 'El Maleh', 46)
     , (1413, 0, '46.06.02', 'El Maleh', 'El Maleh', 46)
     , (1414, 0, '46.06.03', 'Ouled Kihal', 'El Maleh', 46)
     , (1415, 0, '46.07.01', 'Chentouf', 'Hammam Bou Hadjar', 46)
     , (1416, 0, '46.06.04', 'Terga', 'El Maleh', 46)
     , (1417, 0, '46.02.02', 'Oued Sebbah', 'Ain Larbaa', 46)
     , (1418, 0, '46.05.02', 'El Amria', 'El Amria', 46)
     , (1419, 0, '46.05.04', 'Hassi El Ghella', 'El Amria', 46)
     , (1420, 0, '46.05.05', 'Ouled Boudjemaa', 'El Amria', 46)
     , (1421, 0, '46.01.01', 'Aghlal', 'Ain Kihel', 46)
     , (1422, 0, '46.01.02', 'Ain Kihal', 'Ain Kihel', 46)
     , (1423, 0, '46.01.03', 'Ain Tolba', 'Ain Kihel', 46)
     , (1424, 0, '46.01.04', 'Aoubellil', 'Ain Kihel', 46)
     , (1425, 0, '46.04.01', 'Beni Saf', 'Beni Saf', 46)
     , (1426, 0, '46.07.03', 'Hassasna', 'Hammam Bou Hadjar', 46)
     , (1427, 0, '46.04.02', 'Emir Abdelkader', 'Beni Saf', 46)
     , (1428, 0, '46.04.03', 'Sidi Safi', 'Beni Saf', 46)
     , (1429, 0, '46.08.01', 'Oulhaca El Gheraba', 'Oulhassa Gheraba', 46)
     , (1430, 0, '46.08.02', 'Sidi Ouriache', 'Oulhassa Gheraba', 46)
     , (1431, 0, '46.02.01', 'Ain El Arbaa', 'Ain Larbaa', 46)
     , (1432, 0, '46.05.03', 'El Messaid', 'El Amria', 46)
     , (1433, 0, '46.07.04', 'Oued Berkeche', 'Hammam Bou Hadjar', 46)
     , (1434, 0, '46.03.02', 'Sidi Ben Adda', 'Ain Temouchent', 46)
     , (1435, 0, '46.03.01', 'Ain Temouchent', 'Ain Temouchent', 46)
     , (1436, 0, '46.05.01', 'Bouzedjar', 'El Amria', 46)
     , (1437, 0, '46.07.02', 'Hammam Bou Hadjar', 'Hammam Bou Hadjar', 46)
     , (1438, 0, '47.03.01', 'Dhayet Bendhahoua', 'Dhayet Ben Dhahoua', 47)
     , (1439, 0, '47.06.01', 'Mansoura', 'Mansourah', 47)
     , (1440, 0, '47.02.02', 'El Atteuf', 'Bounoura', 47)
     , (1441, 0, '47.02.01', 'Bounoura', 'Bounoura', 47)
     , (1442, 0, '47.08.01', 'Zelfana', 'Zelfana', 47)
     , (1443, 0, '47.04.01', 'El Guerrara', 'El Guerrara', 47)
     , (1444, 0, '47.07.02', 'Sebseb', 'Metlili', 47)
     , (1445, 0, '47.07.01', 'Metlili', 'Metlili', 47)
     , (1446, 0, '47.01.01', 'Berriane', 'Berriane', 47)
     , (1447, 0, '47.05.01', 'Ghardaia', 'Ghardaia', 47)
     , (1448, 0, '48.06.01', 'El-Guettar', 'Mazouna', 48)
     , (1449, 0, '48.02.04', 'Ouled Aiche', 'Ammi Moussa', 48)
     , (1450, 0, '48.13.01', 'Beni Dergoun', 'Zemmoura', 48)
     , (1451, 0, '48.13.02', 'Dar Ben Abdelah', 'Zemmoura', 48)
     , (1452, 0, '48.13.03', 'Zemmoura', 'Zemmoura', 48)
     , (1453, 0, '48.03.01', 'Djidiouia', 'Djidiouia', 48)
     , (1454, 0, '48.03.02', 'Hamri', 'Djidiouia', 48)
     , (1455, 0, '48.05.01', 'Belaassel Bouzagza', 'El Matmar', 48)
     , (1456, 0, '48.05.02', 'El-Matmar', 'El Matmar', 48)
     , (1457, 0, '48.05.03', 'Sidi Khettab', 'El Matmar', 48)
     , (1458, 0, '48.05.04', 'Sidi M''hamed Benaouda', 'El Matmar', 48)
     , (1459, 0, '48.01.01', 'Ain-Tarek', 'Ain Tarek', 48)
     , (1460, 0, '48.01.02', 'Had Echkalla', 'Ain Tarek', 48)
     , (1461, 0, '48.02.03', 'El Ouldja', 'Ammi Moussa', 48)
     , (1462, 0, '48.06.02', 'Mazouna', 'Mazouna', 48)
     , (1463, 0, '48.12.01', 'Ain Rahma', 'Yellel', 48)
     , (1464, 0, '48.12.02', 'Kalaa', 'Yellel', 48)
     , (1465, 0, '48.12.03', 'Sidi Saada', 'Yellel', 48)
     , (1466, 0, '48.12.04', 'Yellel', 'Yellel', 48)
     , (1467, 0, '48.09.02', 'Souk El Had', 'Ramka', 48)
     , (1468, 0, '48.07.01', 'Mendes', 'Mendes', 48)
     , (1469, 0, '48.07.02', 'Oued Essalem', 'Mendes', 48)
     , (1470, 0, '48.07.03', 'Sidi Lazreg', 'Mendes', 48)
     , (1471, 0, '48.02.01', 'Ammi Moussa', 'Ammi Moussa', 48)
     , (1472, 0, '48.08.03', 'Ouarizane', 'Oued Rhiou', 48)
     , (1473, 0, '48.08.02', 'Merdja Sidi Abed', 'Oued Rhiou', 48)
     , (1474, 0, '48.03.03', 'Ouled Sidi Mihoub', 'Djidiouia', 48)
     , (1475, 0, '48.10.01', 'Bendaoud', 'Relizane', 48)
     , (1476, 0, '48.08.04', 'Oued-Rhiou', 'Oued Rhiou', 48)
     , (1477, 0, '48.02.02', 'El Hassi', 'Ammi Moussa', 48)
     , (1478, 0, '48.11.03', 'Sidi M''hamed Benali', 'Sidi M''hamed Ben Ali', 48)
     , (1479, 0, '48.11.02', 'Mediouna', 'Sidi M''hamed Ben Ali', 48)
     , (1480, 0, '48.11.01', 'Beni Zentis', 'Sidi M''hamed Ben Ali', 48)
     , (1481, 0, '48.04.02', 'Oued El Djemaa', 'El H''madna', 48)
     , (1482, 0, '48.08.01', 'Lahlef', 'Oued Rhiou', 48)
     , (1483, 0, '48.10.02', 'Relizane', 'Relizane', 48)
     , (1484, 0, '48.04.01', 'El H''madna', 'El H''madna', 48)
     , (1485, 0, '48.09.01', 'Ramka', 'Ramka', 48)
     , (1486, 0, '49.04.02', 'Tinerkouk', 'Tinerkouk', 49)
     , (1487, 0, '49.03.02', 'Timimoun', 'Timimoun', 49)
     , (1488, 0, '49.03.01', 'Ouled Said', 'Timimoun', 49)
     , (1489, 0, '49.01.03', 'Metarfa', 'Aougrout', 49)
     , (1490, 0, '49.02.03', 'Talmine', 'Charouine', 49)
     , (1491, 0, '49.02.02', 'Ouled Aissa', 'Charouine', 49)
     , (1492, 0, '49.02.01', 'Charouine', 'Charouine', 49)
     , (1493, 0, '49.01.01', 'Aougrout', 'Aougrout', 49)
     , (1494, 0, '49.01.02', 'Deldoul', 'Aougrout', 49)
     , (1495, 0, '49.04.01', 'Ksar Kaddour', 'Tinerkouk', 49)
     , (1496, 0, '50.01.02', 'Timiaouine', 'Bordj Badji Mokhtar', 50)
     , (1497, 0, '50.01.01', 'Bordj Badji Mokhtar', 'Bordj Badji Mokhtar', 50)
     , (1498, 0, '51.02.02', 'Ras El Miad', 'Sidi Khaled', 51)
     , (1499, 0, '51.02.01', 'Besbes', 'Sidi Khaled', 51)
     , (1500, 0, '51.02.03', 'Sidi Khaled', 'Sidi Khaled', 51)
     , (1501, 0, '51.01.02', 'Doucen', 'Ouled Djellal', 51)
     , (1502, 0, '51.01.01', 'Chaiba', 'Ouled Djellal', 51)
     , (1503, 0, '51.01.03', 'Ouled Djellal', 'Ouled Djellal', 51)
     , (1504, 0, '52.01.01', 'Beni-Abbes', 'Beni Abbes', 52)
     , (1505, 0, '52.01.02', 'Tamtert', 'Beni Abbes', 52)
     , (1507, 0, '52.02.01', 'El Ouata', 'El Ouata', 52)
     , (1508, 0, '52.05.02', 'Ouled-Khodeir', 'Ouled Khodeir', 52)
     , (1509, 0, '52.04.02', 'Kerzaz', 'Kerzaz', 52)
     , (1510, 0, '52.04.03', 'Timoudi', 'Kerzaz', 52)
     , (1511, 0, '52.05.01', 'Ksabi', 'Ouled Khodeir', 52)
     , (1512, 0, '52.04.01', 'Beni-Ikhlef', 'Kerzaz', 52)
     , (1513, 0, '53.01.01', 'Inghar', 'In Ghar', 53)
     , (1514, 0, '53.02.01', 'Ain Salah', 'In Salah', 53)
     , (1515, 0, '53.02.02', 'Foggaret Ezzoua', 'In Salah', 53)
     , (1516, 0, '54.02.01', 'Tin Zouatine', 'Tin Zouatine', 54)
     , (1517, 0, '54.01.01', 'Ain Guezzam', 'In Guezzam', 54)
     , (1518, 0, '55.04.02', 'Temacine', 'Temacine', 55)
     , (1519, 0, '55.02.02', 'Sidi Slimane', 'Megarine', 55)
     , (1520, 0, '55.02.01', 'Megarine', 'Megarine', 55)
     , (1521, 0, '55.05.01', 'Nezla', 'Touggourt', 55)
     , (1522, 0, '55.04.01', 'Blidet Amor', 'Temacine', 55)
     , (1523, 0, '55.05.02', 'Tebesbest', 'Touggourt', 55)
     , (1524, 0, '55.05.03', 'Touggourt', 'Touggourt', 55)
     , (1525, 0, '55.03.03', 'Taibet', 'Taibet', 55)
     , (1526, 0, '55.01.02', 'El Alia', 'El-Hadjira', 55)
     , (1527, 0, '55.01.01', 'El-Hadjira', 'El-Hadjira', 55)
     , (1528, 0, '55.03.01', 'Benaceur', 'Taibet', 55)
     , (1529, 0, '55.03.02', 'M''naguer', 'Taibet', 55)
     , (1530, 0, '55.05.04', 'Zaouia El Abidia', 'Touggourt', 55)
     , (1531, 0, '56.01.02', 'Djanet', 'Djanet', 56)
     , (1532, 0, '56.01.01', 'Bordj El Haouass', 'Djanet', 56)
     , (1533, 0, '57.02.02', 'Oum Touyour', 'El Meghaier', 57)
     , (1534, 0, '57.01.03', 'Sidi Amrane', 'Djamaa', 57)
     , (1535, 0, '57.01.02', 'M''rara', 'Djamaa', 57)
     , (1536, 0, '57.01.01', 'Djamaa', 'Djamaa', 57)
     , (1537, 0, '57.01.04', 'Tenedla', 'Djamaa', 57)
     , (1538, 0, '57.02.01', 'El-M''ghaier', 'El Meghaier', 57)
     , (1539, 0, '57.02.04', 'Still', 'El Meghaier', 57)
     , (1540, 0, '57.02.03', 'Sidi Khelil', 'El Meghaier', 57)
     , (1541, 0, '58.01.01', 'El Meniaa', 'El Menia', 58)
     , (1542, 0, '58.01.02', 'Hassi Gara', 'El Menia', 58)
     , (1543, 0, '58.02.01', 'Hassi Fehal', 'Mansourah', 58);



INSERT INTO reference.ref_code (id, code, designation, version, id_domain)
VALUES (3, '100', 'Consultation de routine', 0, 2)
     , (4, '101', 'Bilan de santé', 0, 2)
     , (5, '102', 'Renouvellement d’ordonnance', 0, 2)
     , (6, '200', 'Résultats d’analyse ou d’examen', 0, 2)
     , (7, '201', 'Vaccination', 0, 2)
     , (8, '202', 'Suivi de traitement chroniques', 0, 2)
     , (9, '203', 'Autre', 0, 2)
     , (1, 'F', 'Féminin', 0, 1)
     , (2, 'M', 'Masculin', 0, 1);

INSERT INTO admin.organisational_structure (id, code, designation, fax, address, phone, commune_id,
                                            parent_organisational_structure, has_data, structure_type, deleted, enabled,
                                            version)
VALUES (1, '1601', 'Siège', null, null, null, 570, null, false, 'FILIALE', false, true, 0);



INSERT INTO reference.medical_act_category
(id, code, name, description, enabled, version, max_reimbursement_amount, medical_center_coverage_percentage)
VALUES (1, 'CI', 'Centre d’Imagerie', 'Examens d’imagerie médicale', true, 1, 20000.00, 80.00),
       (2, 'LM', 'Laboratoire Médical', 'Analyses biologiques et cliniques', true, 1, 20000.00, 80.00),
       (3, 'CHIR', 'Clinique de Chirurgie', 'Interventions chirurgicales', true, 1, 200000.00, 80.00),
       (4, 'ONC', 'Clinique d’Oncologie', 'Soins et traitements du cancer', true, 1, 200000.00, 80.00);



UPDATE admin."user" SET password='$2a$10$SPJABGNlwBQlPxZ7vkbmEeOH3MfARzTW0B7oBQBXXkUOAkiWHJJc.';

UPDATE reference.patient SET  employment_status = 'EMPLOYED';


update admin."user" set  organisational_structure_id =1;


